,name,position,nation,age,club,league,mins_played,ninety_mins_played,goals_scored,penalty_goals,non_pen_exp_goals,exp_goals,assists,exp_assists,total_shots,shots_on_target,goals_per_shot,goals_per_sot,shot_on_target_perc,avg_shot_distance,key_passes,shot_creation_per_90,goal_creation_per_90,pass_completion_perc,progressive_carries,total_carries,total_touches,touches_in_attacking_third,touches_in_pen,progressive_runs,times_dispossessed,passes_received,aerial_duels_won,aerial_duels_lost,aerial_duel_win_perc,tackles,tackles_and_interceptions,goals_per_ninety,exp_goals_per_ninety,goals_minus_exp_goals
0,Abdallah Sima,"FW,MF",sn SEN,23.0,Brest,fr Ligue 1,1238,13.8,7,0,5.900000000000001,5.900000000000001,2,1.0,37,18,0.1891891891891892,0.3888888888888889,48.64864864864865,13.1,13,2.04,0.22,69.6,36,299,510,8,66,92,22,378,41,7,85.41666666666666,15,16,0.5072463768115941,0.42753623188405804,1.0999999999999988
4,Adam Hložek,"FW,MF",cz CZE,22.0,Hoffenheim,de Bundesliga,1871,20.8,8,0,5.6,5.6,4,3.4999999999999996,59,24,0.13559322033898305,0.3333333333333333,40.67796610169492,17.3,20,2.74,0.48,68.5,54,429,761,7,114,102,37,552,40,9,81.63265306122449,22,26,0.3846153846153846,0.2692307692307692,2.4000000000000004
7,Ademola Lookman,"MF,FW",ng NGA,27.0,Atalanta,it Serie A,2247,25.0,15,1,9.5,10.3,5,7.1,81,32,0.18518518518518517,0.46875,39.50617283950617,14.7,61,5.41,0.6,72.5,142,827,1274,8,199,316,51,974,17,8,68.0,32,35,0.6,0.41200000000000003,4.699999999999999
14,Alassane Pléa,"MF,FW",fr FRA,32.0,Gladbach,de Bundesliga,1902,21.1,11,1,6.599999999999999,7.4,4,3.1,41,12,0.2682926829268293,0.9166666666666666,29.268292682926827,15.199999999999998,25,3.41,0.66,72.1,51,601,979,5,77,141,22,773,15,9,62.5,7,9,0.5213270142180094,0.35071090047393366,3.5999999999999996
16,Albert Guðmundsson,"FW,MF",is ISL,27.0,Fiorentina,it Serie A,1273,14.1,6,2,3.1,4.7,1,1.8,25,13,0.24,0.46153846153846156,52.0,20.6,15,2.76,0.35,83.0,35,402,624,3,32,59,14,466,4,10,28.57142857142857,9,15,0.425531914893617,0.33333333333333337,1.2999999999999998
17,Alberto Moleiro,"FW,MF",es ESP,21.0,Las Palmas,es La Liga,2714,30.2,6,0,5.6,5.6,1,3.3,68,24,0.08823529411764706,0.25,35.294117647058826,19.0,41,3.52,0.2,81.3,97,946,1416,1,102,179,48,1097,5,30,14.285714285714285,27,45,0.19867549668874174,0.18543046357615894,0.40000000000000036
18,Alejandro Garnacho,"MF,FW",ar ARG,20.0,Manchester Utd,eng Premier League,2199,24.4,6,0,7.3,7.3,2,4.5,84,29,0.07142857142857142,0.20689655172413793,34.523809523809526,17.0,37,3.4,0.25,78.9,141,840,1159,13,176,290,48,888,3,25,10.714285714285714,30,43,0.24590163934426232,0.29918032786885246,-1.2999999999999998
23,Alex Baena,"MF,FW",es ESP,23.0,Villarreal,es La Liga,2595,28.8,7,0,6.3,7.1,9,11.7,69,17,0.10144927536231885,0.4117647058823529,24.637681159420293,21.0,95,5.86,0.73,66.6,91,895,1569,8,89,154,32,1044,16,29,35.55555555555556,28,50,0.24305555555555555,0.24652777777777776,-0.09999999999999964
24,Alex Iwobi,"FW,MF",ng NGA,29.0,Fulham,eng Premier League,2981,33.1,9,0,4.7,4.7,6,7.0,68,29,0.1323529411764706,0.3103448275862069,42.64705882352941,18.3,59,3.68,0.48,75.1,144,1312,1861,9,116,246,40,1447,7,12,36.84210526315789,44,58,0.2719033232628399,0.1419939577039275,4.3
26,Alexander Bernhardsson,"FW,MF",se SWE,26.0,Holstein Kiel,de Bundesliga,1263,14.0,7,0,4.1,4.1,2,1.3,27,14,0.25925925925925924,0.5,51.85185185185185,17.5,17,2.57,0.5,60.5,25,264,520,11,41,72,18,304,19,11,63.33333333333333,29,34,0.5,0.2928571428571428,2.9000000000000004
27,Alexander Isak,FW,se SWE,25.0,Newcastle Utd,eng Premier League,2756,30.6,23,4,17.2,20.3,6,4.3,95,41,0.24210526315789474,0.5609756097560976,43.15789473684211,14.5,41,3.01,0.46,75.3,83,615,1025,7,189,217,55,740,26,10,72.22222222222221,12,15,0.7516339869281046,0.6633986928104575,2.6999999999999993
28,Alexander Sørloth,FW,no NOR,29.0,Atlético Madrid,es La Liga,1566,17.4,20,1,16.0,16.8,2,1.6,78,40,0.2564102564102564,0.5,51.28205128205128,12.0,13,1.73,0.29,63.8,32,323,602,2,116,81,32,454,98,3,97.02970297029702,9,10,1.149425287356322,0.9655172413793105,3.1999999999999993
29,Alexandre Lacazette,FW,fr FRA,33.0,Lyon,fr Ligue 1,2051,22.8,15,5,11.7,16.3,2,3.4,53,31,0.2830188679245283,0.4838709677419355,58.490566037735846,13.5,26,2.46,0.22,71.8,24,418,742,3,137,159,20,572,16,11,59.25925925925925,13,21,0.6578947368421052,0.7149122807017544,-1.3000000000000007
30,Alexis Claude-Maurice,"MF,FW",fr FRA,26.0,Augsburg,de Bundesliga,2109,23.4,9,0,4.7,4.7,2,1.2,59,22,0.15254237288135594,0.4090909090909091,37.28813559322034,20.5,21,3.2899999999999996,0.26,82.9,59,619,994,14,64,102,50,727,14,17,45.16129032258064,41,56,0.38461538461538464,0.20085470085470086,4.3
31,Alexis Saelemaekers,"DF,FW",be BEL,25.0,"Roma, Milan",it Serie A,1479,16.4,7,0,2.347560975609756,2.347560975609756,3,2.4475609756097563,25,12,0.28,0.5833333333333334,48.0,16.6,26,3.90109756097561,0.6103658536585366,81.74473684210527,46,641,1026,5,49,149,14,770,8,17,32.0,34,44,0.426829268292683,0.14314396192742418,4.652439024390244
34,Amad Diallo,"MF,FW",ci CIV,22.0,Manchester Utd,eng Premier League,1901,21.1,8,0,4.7,4.7,6,4.9,47,17,0.1702127659574468,0.47058823529411764,36.17021276595745,17.5,49,4.59,0.8500000000000001,83.8,109,782,1207,9,131,200,35,854,10,13,43.47826086956522,38,49,0.3791469194312796,0.22274881516587677,3.3
36,Amine Gouiri,"FW,MF",dz ALG,25.0,"Marseille, Rennes",fr Ligue 1,2085,23.1,13,0,5.96060606060606,5.96060606060606,5,2.006926406926407,82,40,0.15853658536585366,0.325,48.78048780487805,15.653658536585365,34,3.6699567099567094,0.4755411255411255,79.54714587737844,39,514,946,5,129,160,36,682,10,7,58.82352941176471,14,17,0.5627705627705627,0.2580348943985307,7.03939393939394
42,Andrea Pinamonti,FW,it ITA,26.0,Genoa,it Serie A,2850,31.7,10,0,7.0,7.7,1,1.7,78,29,0.1282051282051282,0.3448275862068966,37.17948717948718,16.1,15,1.52,0.16,62.8,20,491,952,3,116,132,34,710,83,6,93.25842696629213,10,11,0.31545741324921134,0.24290220820189276,2.3
43,Andrej Ilic,FW,rs SRB,25.0,Union Berlin,de Bundesliga,937,10.4,7,1,4.1,4.9,0,0.3,27,11,0.25925925925925924,0.6363636363636364,40.74074074074074,12.1,6,1.44,0.19,57.6,5,151,302,0,45,59,9,209,52,6,89.65517241379311,2,7,0.673076923076923,0.47115384615384615,2.0999999999999996
44,Andrej Kramarić,"MF,FW",hr CRO,33.0,Hoffenheim,de Bundesliga,2767,30.7,11,3,9.5,11.8,8,4.3,66,23,0.16666666666666666,0.4782608695652174,34.84848484848485,15.8,49,3.32,0.46,77.7,75,938,1554,2,131,202,38,1153,8,5,61.53846153846154,15,22,0.3583061889250814,0.3843648208469056,-0.8000000000000007
46,Ange-Yoan Bonny,FW,fr FRA,21.0,Parma,it Serie A,2529,28.1,6,2,7.1,9.4,4,2.8999999999999995,61,19,0.09836065573770492,0.3157894736842105,31.147540983606557,16.7,30,2.39,0.28,75.2,41,527,898,7,112,163,70,647,23,6,79.3103448275862,34,37,0.21352313167259784,0.33451957295373663,-3.4000000000000004
48,Ante Budimir,FW,hr CRO,33.0,Osasuna,es La Liga,2952,32.8,21,8,12.3,18.3,4,1.7,91,29,0.23076923076923078,0.7241379310344828,31.868131868131865,13.3,16,1.4,0.43,56.1,23,380,788,6,170,134,44,540,136,10,93.15068493150685,20,22,0.6402439024390244,0.5579268292682927,2.6999999999999993
49,Anthony Elanga,"FW,MF",se SWE,23.0,Nott'ham Forest,eng Premier League,2501,27.8,6,0,4.5,4.5,11,5.7,44,24,0.13636363636363635,0.25,54.54545454545454,17.6,50,3.67,0.65,65.3,102,600,1115,3,110,229,43,764,24,12,66.66666666666666,19,25,0.2158273381294964,0.1618705035971223,1.5
50,Anthony Gordon,"FW,MF",eng ENG,24.0,Newcastle Utd,eng Premier League,2434,27.0,6,1,6.5,8.0,5,5.0,57,16,0.10526315789473684,0.375,28.07017543859649,17.0,51,3.74,0.44,73.3,121,818,1267,5,128,214,38,924,8,25,24.242424242424242,32,39,0.2222222222222222,0.2962962962962963,-2.0
51,Antoine Griezmann,"FW,MF",fr FRA,34.0,Atlético Madrid,es La Liga,2469,27.4,8,1,5.9,7.4,7,7.1,48,17,0.16666666666666666,0.47058823529411764,35.41666666666667,18.5,48,3.39,0.47,74.8,46,969,1678,4,93,177,20,1255,21,22,48.837209302325576,30,36,0.29197080291970806,0.27007299270072993,0.5999999999999996
54,Antoine Semenyo,FW,gh GHA,25.0,Bournemouth,eng Premier League,3203,35.6,11,0,10.0,10.0,5,5.8,125,40,0.088,0.275,32.0,17.0,46,3.709999999999999,0.37,73.4,140,979,1653,13,191,282,77,1140,66,27,70.96774193548387,55,66,0.3089887640449438,0.28089887640449435,1.0
60,Arnaud Kalimuendo,"FW,MF",fr FRA,23.0,Rennes,fr Ligue 1,2578,28.6,17,5,8.9,14.9,3,2.0,68,29,0.25,0.5862068965517241,42.64705882352941,16.7,19,1.71,0.21,78.8,50,521,885,4,126,167,59,684,22,8,73.33333333333333,19,23,0.5944055944055944,0.5209790209790209,2.0999999999999996
63,Artem Dovbyk,FW,ua UKR,27.0,Roma,it Serie A,2418,26.9,12,2,10.3,11.9,2,2.3999999999999995,61,25,0.19672131147540983,0.48,40.98360655737705,13.7,25,1.94,0.22,74.1,24,355,654,3,145,175,33,504,42,4,91.30434782608695,4,6,0.446096654275093,0.44237918215613387,0.09999999999999964
65,Assane Diao,FW,sn SEN,19.0,"Como, Betis","it Serie A, es La Liga",1529,17.0,9,0,3.416470588235294,3.416470588235294,3,0.6005882352941176,35,14,0.2571428571428571,0.6428571428571429,40.0,15.28,16,2.239117647058823,0.3556470588235293,78.33534883720931,59,439,645,7,77,143,40,477,24,21,53.333333333333336,30,33,0.5294117647058824,0.2009688581314879,5.583529411764706
66,Ayoze Pérez,FW,es ESP,31.0,Villarreal,es La Liga,1970,21.9,19,0,12.699999999999998,12.699999999999998,2,2.9999999999999996,75,31,0.25333333333333335,0.6129032258064516,41.333333333333336,14.2,32,3.26,0.23,75.8,59,429,705,4,136,124,34,514,13,18,41.935483870967744,27,35,0.8675799086757991,0.5799086757990867,6.3000000000000025
69,Benedict Hollerbach,"FW,MF",de GER,24.0,Union Berlin,de Bundesliga,2540,28.2,9,0,7.0,7.0,1,1.6000000000000003,76,24,0.11842105263157894,0.375,31.57894736842105,16.1,26,2.8,0.25,65.4,103,710,1112,12,138,214,94,781,29,30,49.152542372881356,43,45,0.3191489361702128,0.24822695035460993,2.0
70,Benjamin Šeško,"FW,MF",si SVN,21.0,RB Leipzig,de Bundesliga,2380,26.4,13,2,8.4,10.0,5,2.1,66,29,0.19696969696969696,0.4482758620689655,43.93939393939394,17.5,19,1.93,0.34,67.6,47,444,901,3,91,141,55,692,70,8,89.74358974358975,7,12,0.49242424242424243,0.3787878787878788,3.0
74,Beto,FW,gw GNB,27.0,Everton,eng Premier League,1534,17.0,8,0,8.2,8.2,0,1.2,49,23,0.16326530612244897,0.34782608695652173,46.93877551020408,13.1,12,1.52,0.06,58.2,15,267,520,4,86,77,37,378,99,3,97.05882352941177,14,18,0.47058823529411764,0.48235294117647054,-0.1999999999999993
76,Borja Iglesias,FW,es ESP,32.0,Celta Vigo,es La Liga,1952,21.7,11,0,9.3,9.3,3,3.2,46,28,0.2391304347826087,0.39285714285714285,60.86956521739131,13.4,18,1.66,0.32,70.8,22,396,685,3,83,108,32,514,14,11,56.00000000000001,10,17,0.5069124423963134,0.4285714285714286,1.6999999999999993
78,Boulaye Dia,"MF,FW",sn SEN,28.0,Lazio,it Serie A,2177,24.2,9,0,7.2,7.2,3,4.2,39,19,0.23076923076923078,0.47368421052631576,48.717948717948715,13.3,26,2.27,0.33,83.6,23,451,802,5,94,114,34,617,21,9,70.0,22,28,0.37190082644628103,0.2975206611570248,1.7999999999999998
79,Bradley Barcola,FW,fr FRA,22.0,Paris S-G,fr Ligue 1,2181,24.2,14,0,13.4,13.4,10,10.1,74,38,0.1891891891891892,0.3684210526315789,51.35135135135135,13.2,50,4.17,0.83,81.7,137,855,1278,9,214,374,20,1019,14,23,37.83783783783784,27,46,0.578512396694215,0.5537190082644629,0.5999999999999996
81,Breel Embolo,"FW,MF",ch SUI,28.0,Monaco,fr Ligue 1,1841,20.5,6,0,10.8,10.8,4,5.6,51,18,0.11764705882352941,0.3333333333333333,35.294117647058826,10.8,32,2.64,0.49,69.2,22,397,668,8,121,140,53,499,30,11,73.17073170731707,22,25,0.2926829268292683,0.526829268292683,-4.800000000000001
82,Brennan Johnson,FW,wls WAL,24.0,Tottenham,eng Premier League,2177,24.2,11,0,10.4,10.4,3,2.3,54,20,0.2037037037037037,0.55,37.03703703703704,11.4,19,1.9,0.29,70.4,60,544,853,10,125,197,17,626,7,18,28.000000000000004,39,43,0.4545454545454546,0.4297520661157025,0.5999999999999996
84,Bryan Mbeumo,FW,cm CMR,25.0,Brentford,eng Premier League,3414,37.9,20,5,7.5,12.3,7,8.3,79,34,0.25316455696202533,0.5882352941176471,43.037974683544306,17.9,70,3.8,0.53,66.1,130,1077,1781,16,168,351,47,1204,34,14,70.83333333333334,49,63,0.5277044854881267,0.3245382585751979,7.699999999999999
87,Bukayo Saka,"FW,MF",eng ENG,23.0,Arsenal,eng Premier League,1729,19.2,6,1,6.0,6.800000000000001,10,7.6,66,22,0.09090909090909091,0.2727272727272727,33.33333333333333,15.599999999999998,58,6.09,1.2,75.5,96,628,979,9,162,255,40,711,10,11,47.61904761904761,29,32,0.3125,0.35416666666666674,-0.8000000000000007
95,Casper Tengstedt,FW,dk DEN,24.0,Hellas Verona,it Serie A,1517,16.9,6,1,4.5,5.3,1,0.9,37,10,0.16216216216216217,0.6,27.027027027027028,14.2,12,1.42,0.18,67.4,29,238,458,2,58,85,6,303,20,5,80.0,7,11,0.3550295857988166,0.3136094674556213,0.7000000000000002
96,Charles De Ketelaere,"MF,FW",be BEL,24.0,Atalanta,it Serie A,2070,23.0,7,0,7.3,7.3,7,6.0,48,20,0.14583333333333334,0.35,41.66666666666667,12.199999999999998,39,3.83,0.61,75.8,108,831,1238,2,135,211,50,1008,36,11,76.59574468085107,13,16,0.30434782608695654,0.3173913043478261,-0.2999999999999998
97,Che Adams,FW,sct SCO,28.0,Torino,it Serie A,2652,29.5,9,0,8.2,9.0,3,2.0,63,25,0.14285714285714285,0.36,39.682539682539684,15.7,26,2.14,0.17,74.3,23,509,802,6,104,153,34,630,36,6,85.71428571428571,12,14,0.3050847457627119,0.3050847457627119,0.0
100,Chris Wood,FW,nz NZL,33.0,Nott'ham Forest,eng Premier League,2959,32.9,20,3,11.0,13.4,3,2.6,65,32,0.3076923076923077,0.625,49.23076923076923,13.5,22,1.34,0.15,64.3,14,376,770,2,105,94,28,563,94,8,92.15686274509804,6,11,0.60790273556231,0.4072948328267477,6.6
103,Christian Pulisic,"FW,MF",us USA,26.0,Milan,it Serie A,2478,27.5,11,3,8.9,12.0,9,6.4,53,20,0.20754716981132076,0.55,37.735849056603776,16.7,69,4.54,0.51,76.5,121,859,1367,12,128,191,40,985,11,22,33.33333333333333,43,48,0.4,0.43636363636363634,-1.0
107,Cody Gakpo,FW,nl NED,26.0,Liverpool,eng Premier League,1935,21.5,10,0,7.1000000000000005,7.1000000000000005,4,4.4,57,22,0.17543859649122806,0.45454545454545453,38.59649122807017,15.1,38,3.72,0.37,75.7,59,605,888,9,110,278,24,677,17,12,58.620689655172406,28,40,0.46511627906976744,0.3302325581395349,2.8999999999999995
108,Cole Palmer,"MF,FW",eng ENG,23.0,Chelsea,eng Premier League,3191,35.5,15,4,13.3,17.3,8,10.9,121,44,0.12396694214876033,0.3409090909090909,36.36363636363637,20.4,87,5.7,0.42,77.0,120,1173,1851,12,144,187,37,1366,2,15,11.76470588235294,34,45,0.4225352112676056,0.48732394366197185,-2.3000000000000007
109,Cristhian Stuani,FW,uy URU,38.0,Girona,es La Liga,1078,12.0,11,3,5.8,8.1,2,0.6,31,16,0.3548387096774194,0.6875,51.61290322580645,12.7,6,1.17,0.25,69.5,2,96,256,1,55,36,7,156,22,3,88.0,9,16,0.9166666666666666,0.6749999999999999,2.9000000000000004
111,Cyle Larin,FW,ca CAN,30.0,Mallorca,es La Liga,1764,19.6,7,1,6.1,6.9,2,1.4,38,14,0.18421052631578946,0.5,36.84210526315789,11.7,8,1.07,0.15,67.5,20,316,561,5,72,95,58,429,66,6,91.66666666666666,12,13,0.3571428571428571,0.3520408163265306,0.09999999999999964
113,Dan Ndoye,FW,ch SUI,24.0,Bologna,it Serie A,2143,23.8,8,2,5.4,6.999999999999999,4,3.8,50,17,0.16,0.47058823529411764,34.0,17.5,27,3.7,0.38,73.7,132,755,1021,10,105,231,46,825,14,12,53.84615384615385,26,35,0.3361344537815126,0.2941176470588235,1.0000000000000009
115,Dango Ouattara,FW,bf BFA,23.0,Bournemouth,eng Premier League,2005,22.3,7,0,8.4,8.4,4,5.5,62,20,0.11290322580645161,0.35,32.25806451612903,13.5,35,3.2299999999999995,0.27,60.0,79,492,959,10,128,191,32,577,45,24,65.21739130434783,35,46,0.3139013452914798,0.37668161434977576,-1.4000000000000004
116,Dani Olmo,"MF,FW",es ESP,27.0,Barcelona,es La Liga,1212,13.5,10,2,4.9,6.5,3,3.0,40,15,0.25,0.6666666666666666,37.5,18.1,26,4.9,0.89,81.1,33,505,796,3,77,96,26,661,9,10,47.368421052631575,16,19,0.7407407407407407,0.48148148148148145,3.5
117,Dani Raba,"FW,MF",es ESP,29.0,Leganés,es La Liga,1879,20.9,8,4,3.6,7.500000000000001,6,5.3,39,12,0.20512820512820512,0.6666666666666666,30.76923076923077,25.5,47,5.12,0.67,67.1,42,523,930,5,43,101,40,572,5,25,16.666666666666664,37,51,0.3827751196172249,0.35885167464114837,0.4999999999999991
120,Daniel Maldini,"FW,MF",it ITA,23.0,"Monza, Atalanta",it Serie A,1564,17.4,6,0,4.316666666666667,4.316666666666667,0,0.7833333333333334,49,18,0.12244897959183673,0.3333333333333333,36.734693877551024,18.84285714285714,15,2.8150000000000004,0.3416666666666667,67.25580110497238,53,483,724,1,65,96,36,539,30,8,78.94736842105263,16,22,0.3448275862068966,0.24808429118773953,1.6833333333333327
122,Danny Welbeck,FW,eng ENG,34.0,Brighton,eng Premier League,2115,23.5,10,1,8.8,9.6,4,1.4,59,23,0.1694915254237288,0.43478260869565216,38.983050847457626,15.3,23,2.26,0.34,84.9,21,448,726,5,102,95,28,547,17,12,58.620689655172406,26,31,0.425531914893617,0.4085106382978723,0.40000000000000036
127,Dejan Kulusevski,"MF,FW",se SWE,25.0,Tottenham,eng Premier League,2389,26.5,7,0,4.2,4.2,4,6.2,47,17,0.14893617021276595,0.4117647058823529,36.17021276595745,14.7,65,4.82,0.3399999999999999,73.7,120,823,1276,15,158,210,74,895,10,32,23.809523809523807,45,58,0.2641509433962264,0.15849056603773587,2.8
128,Deniz Undav,"FW,MF",de GER,28.0,Stuttgart,de Bundesliga,1726,19.2,9,0,11.7,11.7,3,3.6000000000000005,75,31,0.12,0.2903225806451613,41.333333333333336,13.9,26,3.02,0.42,73.2,31,469,797,6,118,141,28,624,21,16,56.75675675675676,11,14,0.46875,0.609375,-2.6999999999999993
130,Denzel Dumfries,"DF,FW",nl NED,29.0,Inter,it Serie A,1955,21.7,7,0,5.4,5.4,2,3.2,36,19,0.19444444444444445,0.3684210526315789,52.77777777777778,10.5,21,2.53,0.18,72.6,55,534,1047,4,95,173,14,665,57,13,81.42857142857143,25,31,0.3225806451612903,0.24884792626728114,1.5999999999999996
133,Diego López,"MF,FW",es ESP,23.0,Valencia,es La Liga,2737,30.4,8,0,6.6,6.6,5,5.0,44,14,0.18181818181818182,0.5714285714285714,31.818181818181817,15.1,38,2.27,0.3,72.1,76,715,1257,4,100,219,27,881,14,31,31.11111111111111,31,47,0.2631578947368421,0.21710526315789475,1.4000000000000004
134,Diogo Jota,FW,pt POR,28.0,Liverpool,eng Premier League,1195,13.3,6,0,7.9,7.9,3,1.8,51,13,0.11764705882352941,0.46153846153846156,25.49019607843137,12.4,11,2.7899999999999996,0.68,69.7,37,263,485,4,97,88,22,333,22,12,64.70588235294117,14,22,0.45112781954887216,0.5939849624060151,-1.9000000000000004
135,Dodi Lukebakio,FW,be BEL,27.0,Sevilla,es La Liga,3092,34.4,11,1,9.3,10.1,2,4.5,93,38,0.11827956989247312,0.2894736842105263,40.86021505376344,19.2,54,3.46,0.26,74.1,131,890,1494,6,145,247,57,1111,18,12,60.0,22,33,0.31976744186046513,0.2936046511627907,0.9000000000000004
138,Dominic Solanke,FW,eng ENG,27.0,Tottenham,eng Premier League,2201,24.5,9,1,10.1,10.9,3,2.9,59,24,0.15254237288135594,0.375,40.67796610169492,12.4,14,1.5099999999999998,0.33,70.6,31,385,655,5,112,88,51,459,46,12,79.3103448275862,18,19,0.3673469387755102,0.4448979591836735,-1.9000000000000004
139,Donyell Malen,FW,nl NED,26.0,"Aston Villa, Dortmund","eng Premier League, de Bundesliga",919,10.2,6,0,2.666666666666667,2.666666666666667,0,0.2,34,15,0.17647058823529413,0.4,44.11764705882353,14.641176470588237,4,1.76,0.2933333333333333,70.71253071253071,35,266,407,1,71,105,16,301,5,5,50.0,7,10,0.5882352941176471,0.2614379084967321,3.333333333333333
140,Dušan Vlahović,FW,rs SRB,25.0,Juventus,it Serie A,1784,19.8,10,4,9.2,12.3,4,1.3,73,25,0.136986301369863,0.4,34.24657534246575,15.9,15,2.07,0.4,69.1,27,308,564,3,125,117,28,431,39,4,90.69767441860465,4,5,0.5050505050505051,0.6212121212121212,-2.3000000000000007
142,Désiré Doué,"FW,MF",fr FRA,19.0,Paris S-G,fr Ligue 1,1730,19.2,6,0,5.1,5.1,6,7.8,55,20,0.10909090909090909,0.3,36.36363636363637,17.9,55,5.66,1.25,82.3,97,899,1461,14,123,232,37,1164,8,27,22.857142857142858,48,61,0.3125,0.265625,0.9000000000000004
143,Eberechi Eze,"MF,FW",eng ENG,26.0,Crystal Palace,eng Premier League,2588,28.8,8,1,8.9,10.4,8,6.2,100,27,0.08,0.2962962962962963,27.0,21.6,58,4.69,0.35,74.2,68,840,1415,9,95,153,45,907,7,19,26.923076923076923,39,50,0.2777777777777778,0.3611111111111111,-2.4000000000000004
148,Eliesse Ben Seghir,"MF,FW",ma MAR,20.0,Monaco,fr Ligue 1,1750,19.4,6,2,4.1,5.5,3,5.2,58,19,0.10344827586206896,0.3157894736842105,32.758620689655174,20.9,33,3.96,0.36,79.3,85,843,1244,7,63,170,35,988,13,14,48.148148148148145,31,44,0.30927835051546393,0.2835051546391753,0.5
150,Emanuel Emegha,FW,nl NED,22.0,Strasbourg,fr Ligue 1,2293,25.5,14,0,17.0,17.0,3,2.4,61,35,0.22950819672131148,0.4,57.377049180327866,12.5,18,1.26,0.16,80.3,37,341,577,3,99,104,30,423,26,4,86.66666666666667,6,7,0.5490196078431373,0.6666666666666666,-3.0
152,Enzo Millot,"MF,FW",fr FRA,22.0,Stuttgart,de Bundesliga,1843,20.5,6,0,6.699999999999999,7.599999999999999,5,3.1,43,17,0.13953488372093023,0.35294117647058826,39.53488372093023,16.6,23,3.22,0.49,84.8,44,848,1397,5,75,123,36,1067,8,23,25.806451612903224,30,43,0.2926829268292683,0.3707317073170731,-1.5999999999999988
154,Erling Haaland,FW,no NOR,24.0,Manchester City,eng Premier League,2736,30.4,22,3,18.8,22.0,3,2.9999999999999996,104,55,0.21153846153846154,0.4,52.88461538461539,12.3,29,2.34,0.3,66.9,24,310,639,5,190,124,27,478,57,5,91.93548387096774,11,16,0.7236842105263158,0.7236842105263158,0.0
155,Ermedin Demirović,FW,ba BIH,27.0,Stuttgart,de Bundesliga,1855,20.6,15,0,12.4,14.1,1,1.9,64,27,0.234375,0.5555555555555556,42.1875,11.3,18,2.28,0.34,70.3,20,305,582,5,126,115,27,437,34,9,79.06976744186046,12,15,0.7281553398058251,0.6844660194174756,0.9000000000000004
157,Esteban Lepaul,FW,fr FRA,25.0,Angers,fr Ligue 1,1629,18.1,9,0,5.1,5.1,0,0.8,41,17,0.21951219512195122,0.5294117647058824,41.46341463414634,13.199999999999998,7,1.22,0.06,67.1,26,246,504,3,60,68,13,348,35,12,74.46808510638297,11,15,0.49723756906077343,0.2817679558011049,3.9000000000000004
158,Evanilson,FW,br BRA,25.0,Bournemouth,eng Premier League,2319,25.8,10,0,11.7,12.5,1,1.8999999999999997,72,31,0.1388888888888889,0.3225806451612903,43.05555555555556,12.8,26,2.37,0.31,71.3,29,333,558,5,127,99,24,400,42,4,91.30434782608695,16,17,0.38759689922480617,0.4844961240310077,-2.5
159,Evann Guessand,"FW,MF",ci CIV,23.0,Nice,fr Ligue 1,2565,28.5,12,0,9.2,9.2,8,5.4,63,27,0.19047619047619047,0.4444444444444444,42.857142857142854,12.7,32,3.1899999999999995,0.6,73.3,87,581,926,17,134,162,71,687,26,8,76.47058823529412,44,59,0.42105263157894735,0.3228070175438596,2.8000000000000007
165,Fermin López,"MF,FW",es ESP,22.0,Barcelona,es La Liga,1252,13.9,6,0,5.6000000000000005,5.6000000000000005,5,3.9,41,15,0.14634146341463414,0.4,36.58536585365854,18.0,29,4.1,0.5,81.90000000000002,31,491,858,7,59,108,16,649,9,25,26.47058823529412,19,24,0.4316546762589928,0.40287769784172667,0.39999999999999947
166,Ferrán Torres,"FW,MF",es ESP,25.0,Barcelona,es La Liga,1106,12.3,10,0,8.0,8.0,6,3.1,48,22,0.20833333333333334,0.45454545454545453,45.83333333333333,14.6,19,3.09,0.57,74.2,23,291,498,3,81,98,13,397,5,5,50.0,8,12,0.8130081300813008,0.6504065040650406,2.0
169,Florian Thauvin,"FW,MF",fr FRA,32.0,Udinese,it Serie A,1956,21.7,8,1,5.7,8.1,3,3.8,51,23,0.1568627450980392,0.34782608695652173,45.09803921568628,18.5,39,4.28,0.4099999999999999,66.4,92,682,1062,3,82,148,38,790,5,15,25.0,20,27,0.3686635944700461,0.37327188940092165,-0.09999999999999964
170,Florian Wirtz,"MF,FW",de GER,22.0,Leverkusen,de Bundesliga,2351,26.1,10,2,6.1,9.4,12,7.0,74,35,0.13513513513513514,0.2857142857142857,47.2972972972973,19.7,57,5.659999999999999,0.99,78.3,131,1217,2096,10,137,309,47,1638,9,13,40.909090909090914,32,42,0.38314176245210724,0.36015325670498083,0.5999999999999996
174,Fábio Silva,FW,pt POR,22.0,Las Palmas,es La Liga,1866,20.7,10,2,6.3999999999999995,8.8,3,2.0,46,20,0.21739130434782608,0.5,43.47826086956522,14.8,16,2.08,0.24,66.3,30,330,706,3,101,119,30,491,51,10,83.60655737704919,12,16,0.48309178743961356,0.42512077294685996,1.1999999999999993
176,Gabriel Martinelli,"FW,MF",br BRA,23.0,Arsenal,eng Premier League,2291,25.5,8,0,7.4,7.4,4,5.0,55,24,0.14545454545454545,0.3333333333333333,43.63636363636363,12.9,40,2.91,0.27,71.4,124,670,994,8,182,289,38,752,17,16,51.515151515151516,23,28,0.3137254901960784,0.2901960784313726,0.5999999999999996
177,Gabriel Strefezza,"FW,MF",br BRA,28.0,Como,it Serie A,2619,29.1,6,0,3.7,3.7,4,3.9,58,21,0.10344827586206896,0.2857142857142857,36.206896551724135,20.5,57,3.82,0.14,75.6,80,1033,1483,17,93,190,53,1110,10,34,22.727272727272727,57,70,0.20618556701030927,0.12714776632302405,2.3
180,Gaëtan Laborde,FW,fr FRA,31.0,Nice,fr Ligue 1,1829,20.3,11,4,8.6,11.7,4,3.4999999999999996,70,20,0.15714285714285714,0.55,28.57142857142857,14.6,27,3.1,0.34,69.6,30,362,730,2,127,131,18,494,48,13,78.68852459016394,19,25,0.541871921182266,0.5763546798029556,-0.6999999999999993
181,Gaëtan Perrin,"MF,FW",fr FRA,28.0,Auxerre,fr Ligue 1,2691,29.9,10,0,6.1,6.1,11,7.8,59,26,0.1694915254237288,0.38461538461538464,44.06779661016949,19.2,73,4.18,0.6,70.6,83,798,1327,15,98,125,63,888,3,27,10.0,49,61,0.33444816053511706,0.2040133779264214,3.9000000000000004
182,Georges Mikautadze,FW,ge GEO,24.0,Lyon,fr Ligue 1,1449,16.1,11,3,7.0,10.3,6,4.3,52,22,0.21153846153846154,0.5,42.30769230769231,14.099999999999998,21,3.05,0.75,76.5,37,402,653,3,119,140,20,510,15,6,71.42857142857143,7,11,0.6832298136645962,0.639751552795031,0.6999999999999993
185,Giacomo Raspadori,"FW,MF",it ITA,25.0,Napoli,it Serie A,1103,12.3,6,0,4.0,4.0,1,2.4,42,14,0.14285714285714285,0.42857142857142855,33.33333333333333,16.0,28,4.16,0.33,68.3,18,263,549,2,54,57,9,343,5,4,55.55555555555556,18,21,0.4878048780487805,0.3252032520325203,2.0
189,Giovani Lo Celso,"MF,FW",ar ARG,29.0,Betis,es La Liga,1457,16.2,8,2,2.4,4.8,3,4.9,31,16,0.25806451612903225,0.5,51.61290322580645,22.0,43,5.74,0.56,79.0,26,702,1167,9,53,66,31,832,5,8,38.46153846153847,34,39,0.4938271604938272,0.2962962962962963,3.2
192,Gonçalo Ramos,FW,pt POR,23.0,Paris S-G,fr Ligue 1,1066,11.8,10,2,11.3,13.6,3,2.2,52,29,0.19230769230769232,0.3448275862068966,55.769230769230774,11.3,15,2.54,0.51,80.1,11,155,353,1,97,63,11,282,20,3,86.95652173913044,11,11,0.847457627118644,1.1525423728813557,-3.5999999999999996
193,Gorka Guruzeta,FW,es ESP,28.0,Athletic Club,es La Liga,1840,20.4,7,0,6.6,6.700000000000001,2,1.5,59,19,0.11864406779661017,0.3684210526315789,32.20338983050847,13.6,15,1.42,0.05,72.5,8,286,643,2,78,64,20,415,36,24,60.0,16,25,0.3431372549019608,0.32843137254901966,0.29999999999999893
196,Harry Kane,FW,eng ENG,31.0,Bayern Munich,de Bundesliga,2381,26.5,26,9,13.300000000000002,20.3,9,5.3,105,45,0.24761904761904763,0.5777777777777777,42.857142857142854,16.3,35,3.36,0.79,78.9,29,513,917,2,162,143,22,716,29,4,87.87878787878788,13,15,0.9811320754716981,0.7660377358490567,5.699999999999999
197,Harry Wilson,"FW,MF",wls WAL,28.0,Fulham,eng Premier League,1162,12.9,6,0,4.2,4.2,1,1.1,43,17,0.13953488372093023,0.35294117647058826,39.53488372093023,18.0,20,3.41,0.23,73.3,22,342,598,4,63,96,6,390,5,6,45.45454545454545,20,27,0.46511627906976744,0.32558139534883723,1.7999999999999998
198,Harvey Barnes,FW,eng ENG,27.0,Newcastle Utd,eng Premier League,1755,19.5,9,0,7.2,7.2,4,4.0,63,20,0.14285714285714285,0.45,31.746031746031743,15.1,26,3.27,0.46,78.1,93,561,810,6,128,192,23,647,6,8,42.857142857142854,16,22,0.46153846153846156,0.36923076923076925,1.7999999999999998
199,Himad Abdelli,"MF,FW",dz ALG,25.0,Angers,fr Ligue 1,2842,31.6,6,3,3.2,6.4,1,3.2,35,8,0.17142857142857143,0.75,22.857142857142858,22.6,39,2.98,0.16,82.1,107,1183,1993,15,49,111,51,1446,13,33,28.26086956521739,48,74,0.18987341772151897,0.20253164556962025,-0.40000000000000036
200,Hugo Duro,FW,es ESP,25.0,Valencia,es La Liga,2166,24.1,11,1,8.6,9.4,2,1.3,48,16,0.22916666666666666,0.6875,33.33333333333333,11.1,14,1.2,0.21,69.2,13,297,634,2,90,88,32,471,59,8,88.05970149253731,13,23,0.45643153526970953,0.3900414937759336,1.5999999999999996
201,Hugo Ekitike,FW,fr FRA,22.0,Eint Frankfurt,de Bundesliga,2563,28.5,15,1,19.3,21.6,8,6.8,114,44,0.13157894736842105,0.3409090909090909,38.59649122807017,15.3,44,3.55,0.42,75.5,93,633,1054,5,196,215,34,777,52,8,86.66666666666667,16,23,0.5263157894736842,0.7578947368421053,-6.600000000000001
203,Iago Aspas,"FW,MF",es ESP,37.0,Celta Vigo,es La Liga,1745,19.4,10,5,4.0,8.7,5,4.6,46,18,0.21739130434782608,0.5555555555555556,39.130434782608695,21.3,38,3.82,0.67,75.4,50,724,1038,4,67,143,20,876,7,12,36.84210526315789,13,21,0.5154639175257733,0.4484536082474227,1.3000000000000007
205,Iliman Ndiaye,FW,sn SEN,25.0,Everton,eng Premier League,2431,27.0,9,2,4.7,6.2,0,1.9,35,15,0.2571428571428571,0.6,42.857142857142854,17.1,18,2.41,0.3,81.8,86,621,1084,17,83,122,44,674,6,27,18.181818181818183,53,73,0.3333333333333333,0.22962962962962963,2.8
206,Irvin Cardona,FW,fr FRA,27.0,"Espanyol, Saint-Étienne","es La Liga, fr Ligue 1",1669,18.5,6,0,2.7583783783783784,3.268648648648649,4,1.1102702702702705,33,13,0.18181818181818182,0.46153846153846156,39.39393939393939,15.487878787878786,24,2.549027027027027,0.3415675675675676,65.3107671601615,44,397,743,2,76,178,16,562,18,22,45.0,14,22,0.32432432432432434,0.1766837107377648,2.731351351351351
211,Iñaki Williams,FW,gh GHA,30.0,Athletic Club,es La Liga,2652,29.5,6,0,7.6,7.6,8,7.8,63,24,0.09523809523809523,0.25,38.095238095238095,16.4,43,2.72,0.48,63.3,107,739,1169,5,138,302,44,898,30,11,73.17073170731707,17,29,0.2033898305084746,0.2576271186440678,-1.5999999999999996
214,Jacob Murphy,FW,eng ENG,30.0,Newcastle Utd,eng Premier League,2360,26.2,8,0,5.7,5.7,12,8.9,43,15,0.18604651162790697,0.5333333333333333,34.883720930232556,18.2,42,3.13,0.57,68.5,79,733,1271,6,92,231,37,911,5,24,17.24137931034483,28,41,0.3053435114503817,0.21755725190839695,2.3
217,Jamie Gittens,"FW,MF",eng ENG,20.0,Dortmund,de Bundesliga,1776,19.7,8,0,3.6,3.6,3,2.5,52,24,0.15384615384615385,0.3333333333333333,46.15384615384615,17.1,21,3.7,0.51,76.5,113,627,873,7,110,180,35,653,5,4,55.55555555555556,31,41,0.40609137055837563,0.18274111675126906,4.4
219,Jamie Vardy,FW,eng ENG,38.0,Leicester City,eng Premier League,2823,31.4,9,1,9.6,11.2,4,2.9999999999999996,56,23,0.16071428571428573,0.391304347826087,41.07142857142857,12.1,19,1.4999999999999998,0.32,66.3,29,285,586,5,111,120,14,382,50,9,84.7457627118644,19,24,0.28662420382165604,0.35668789808917195,-2.1999999999999993
220,Jarrod Bowen,"FW,MF",eng ENG,28.0,West Ham,eng Premier League,2973,33.0,13,1,7.799999999999999,8.6,8,6.8,86,36,0.1511627906976744,0.3611111111111111,41.86046511627907,17.4,51,3.42,0.45,71.7,109,741,1252,16,171,212,77,834,12,21,36.36363636363637,41,57,0.3939393939393939,0.2606060606060606,4.4
221,Javi Puado,"FW,MF",es ESP,27.0,Espanyol,es La Liga,2974,33.0,12,5,7.7,11.6,4,3.0,66,19,0.18181818181818182,0.631578947368421,28.78787878787879,20.7,22,1.66,0.21,76.8,73,623,985,4,102,113,33,703,9,12,42.857142857142854,22,27,0.36363636363636365,0.3515151515151515,0.40000000000000036
223,Jean-Philippe Mateta,FW,fr FRA,27.0,Crystal Palace,eng Premier League,2648,29.4,14,2,11.999999999999998,13.6,2,3.2,68,29,0.20588235294117646,0.4827586206896552,42.64705882352941,15.5,29,2.21,0.34,65.1,45,401,739,2,95,122,45,540,63,13,82.89473684210526,18,20,0.4761904761904762,0.46258503401360546,0.40000000000000036
225,Jens Odgaard,"MF,FW",dk DEN,26.0,Bologna,it Serie A,1952,21.7,6,0,3.6000000000000005,3.6000000000000005,1,1.8000000000000005,49,22,0.12244897959183673,0.2727272727272727,44.89795918367347,19.5,16,2.08,0.28,74.8,35,454,759,5,68,99,33,548,43,15,74.13793103448276,20,29,0.2764976958525346,0.16589861751152077,2.3999999999999995
233,Joel Pohjanpalo,FW,fi FIN,30.0,Venezia,it Serie A,1603,17.8,6,3,4.3,7.5,0,1.7,34,13,0.17647058823529413,0.46153846153846156,38.23529411764706,16.9,15,1.85,0.17,60.3,9,249,491,0,66,72,11,343,46,4,92.0,3,7,0.33707865168539325,0.42134831460674155,-1.5
240,Jonas Wind,"FW,MF",dk DEN,26.0,Wolfsburg,de Bundesliga,1966,21.8,9,1,4.0,5.7,3,4.2,38,11,0.23684210526315788,0.8181818181818182,28.947368421052634,13.4,34,2.97,0.27,70.6,17,450,810,1,88,94,28,637,98,4,96.07843137254902,10,16,0.4128440366972477,0.26146788990825687,3.3
241,Jonathan Burkardt,FW,de GER,24.0,Mainz 05,de Bundesliga,2109,23.4,18,2,13.199999999999998,14.8,2,3.0999999999999996,70,28,0.2571428571428571,0.6428571428571429,40.0,13.6,20,2.31,0.34,72.5,32,447,788,7,121,157,33,562,20,4,83.33333333333334,15,16,0.7692307692307693,0.6324786324786326,3.1999999999999993
242,Jonathan David,FW,ca CAN,25.0,Lille,fr Ligue 1,2554,28.4,16,6,10.699999999999998,16.2,5,4.4,66,28,0.24242424242424243,0.5714285714285714,42.42424242424242,15.3,36,2.61,0.28,82.1,40,518,952,9,145,184,40,717,16,12,57.14285714285714,24,31,0.5633802816901409,0.5704225352112676,-0.1999999999999993
245,Jorge de Frutos,"FW,MF",es ESP,28.0,Rayo Vallecano,es La Liga,2495,27.7,6,0,6.3,6.3,3,3.4,52,18,0.11538461538461539,0.3333333333333333,34.61538461538461,15.900000000000002,31,2.24,0.36,68.3,77,605,1010,8,107,201,38,675,15,32,31.914893617021278,37,56,0.21660649819494585,0.22743682310469315,-0.2999999999999998
246,Joshua King,"FW,MF",no NOR,33.0,Toulouse,fr Ligue 1,1673,18.6,6,0,6.6,6.6,3,2.0,50,20,0.12,0.3,40.0,15.3,17,1.67,0.22,70.7,39,307,574,3,94,108,33,393,35,7,83.33333333333334,11,17,0.3225806451612903,0.3548387096774193,-0.5999999999999996
249,João Pedro,"FW,MF",br BRA,23.0,Brighton,eng Premier League,1948,21.6,10,5,5.0,8.9,6,5.0,42,15,0.23809523809523808,0.6666666666666666,35.714285714285715,17.2,30,3.32,0.42,72.9,66,616,940,4,122,128,38,732,41,7,85.41666666666666,16,25,0.4629629629629629,0.41203703703703703,1.0999999999999996
254,Julián Álvarez,FW,ar ARG,25.0,Atlético Madrid,es La Liga,2509,27.9,17,4,11.0,14.1,4,5.3,70,36,0.24285714285714285,0.4722222222222222,51.42857142857142,18.3,41,3.87,0.54,74.2,79,776,1238,9,116,162,40,892,13,22,37.142857142857146,25,27,0.6093189964157706,0.5053763440860215,2.9000000000000004
258,Jørgen Strand Larsen,FW,no NOR,25.0,Wolves,eng Premier League,2587,28.7,14,0,10.3,10.3,4,3.0,54,33,0.25925925925925924,0.42424242424242425,61.111111111111114,11.3,21,1.46,0.21,64.6,17,345,736,5,108,112,34,534,67,23,74.44444444444444,10,16,0.4878048780487805,0.35888501742160284,3.6999999999999993
259,Kai Havertz,"FW,MF",de GER,25.0,Arsenal,eng Premier League,1874,20.8,9,0,9.5,9.5,3,2.4,53,21,0.16981132075471697,0.42857142857142855,39.62264150943396,11.6,17,2.02,0.14,78.4,35,418,785,7,107,113,23,584,63,11,85.13513513513513,16,22,0.43269230769230765,0.4567307692307692,-0.5
262,Kaoru Mitoma,"FW,MF",jp JPN,28.0,Brighton,eng Premier League,2603,28.9,10,0,9.199999999999998,9.199999999999998,4,4.599999999999999,57,27,0.17543859649122806,0.37037037037037035,47.368421052631575,13.9,37,3.01,0.35,75.8,146,830,1375,16,164,291,23,966,26,30,46.42857142857143,45,59,0.34602076124567477,0.3183391003460207,0.8000000000000025
263,Karim Adeyemi,"FW,MF",de GER,23.0,Dortmund,de Bundesliga,1433,15.9,7,0,5.5,5.5,6,6.0,46,18,0.15217391304347827,0.3888888888888889,39.130434782608695,17.6,28,3.58,0.69,74.3,68,417,636,8,88,153,31,465,9,12,42.857142857142854,20,27,0.44025157232704404,0.34591194968553457,1.5
266,Keito Nakamura,"FW,MF",jp JPN,24.0,Reims,fr Ligue 1,2649,29.4,11,0,9.1,9.1,2,2.9,84,32,0.13095238095238096,0.34375,38.095238095238095,16.8,26,2.31,0.24,74.2,90,675,1110,7,129,197,43,776,7,20,25.925925925925924,24,37,0.3741496598639456,0.30952380952380953,1.9000000000000004
267,Kenan Yıldız,"FW,MF",tr TUR,20.0,Juventus,it Serie A,2402,26.7,7,0,4.3,4.3,4,5.0,61,22,0.11475409836065574,0.3181818181818182,36.0655737704918,17.5,57,4.87,0.37,79.7,115,964,1485,15,103,223,41,1116,8,14,36.36363636363637,54,59,0.2621722846441948,0.16104868913857678,2.7
269,Kevin Schade,FW,de GER,23.0,Brentford,eng Premier League,2293,25.5,11,0,8.2,8.2,2,3.7,55,27,0.2,0.4074074074074074,49.09090909090909,11.5,23,2.24,0.35,59.70000000000001,61,434,883,12,146,165,36,543,90,10,90.0,39,44,0.43137254901960786,0.32156862745098036,2.8000000000000007
271,Khvicha Kvaratskhelia,FW,ge GEO,24.0,"Napoli, Paris S-G","it Serie A, fr Ligue 1",2094,23.299999999999997,9,1,3.356223175965665,3.749785407725322,6,4.225321888412017,83,31,0.10843373493975904,0.2903225806451613,37.34939759036144,19.23614457831325,53,5.024163090128756,0.6044635193133048,81.03119819140919,124,849,1327,4,145,220,46,1026,7,21,25.0,34,40,0.3862660944206009,0.16093499603971342,5.250214592274678
272,Kiké,FW,es ESP,35.0,Alavés,es La Liga,2542,28.2,13,3,7.2,9.6,0,0.9,60,24,0.21666666666666667,0.5416666666666666,40.0,15.4,13,1.35,0.14,65.3,25,548,894,6,120,158,42,719,110,11,90.9090909090909,19,20,0.46099290780141844,0.3404255319148936,3.4000000000000004
274,Kylian Mbappé,FW,fr FRA,26.0,Real Madrid,es La Liga,2907,32.3,31,7,18.6,25.9,3,7.7,152,75,0.20394736842105263,0.41333333333333333,49.34210526315789,17.3,51,4.12,0.46,82.9,150,1065,1572,4,320,386,49,1355,4,4,50.0,8,9,0.9597523219814242,0.8018575851393189,5.100000000000001
275,Lamine Yamal,FW,es ESP,17.0,Barcelona,es La Liga,2856,31.7,9,0,9.9,9.9,13,13.9,144,46,0.0625,0.1956521739130435,31.944444444444443,19.4,64,5.92,0.91,74.8,181,1485,2094,17,226,433,49,1723,1,22,4.3478260869565215,42,58,0.28391167192429023,0.31230283911671924,-0.9000000000000004
277,Lautaro Martínez,FW,ar ARG,27.0,Inter,it Serie A,2564,28.5,12,0,13.5,13.5,3,4.3,102,34,0.11764705882352941,0.35294117647058826,33.33333333333333,13.8,36,2.7,0.28,74.4,34,625,981,8,162,197,54,754,35,12,74.46808510638297,30,40,0.42105263157894735,0.47368421052631576,-1.5
278,Leandro Trossard,FW,be BEL,30.0,Arsenal,eng Premier League,2546,28.3,8,0,7.2,7.2,7,6.1,72,21,0.1111111111111111,0.38095238095238093,29.166666666666668,15.9,41,3.29,0.28,74.5,80,828,1278,9,158,226,52,956,6,22,21.428571428571427,31,40,0.2826855123674912,0.254416961130742,0.7999999999999998
279,Lee Kang-in,"FW,MF",kr KOR,24.0,Paris S-G,fr Ligue 1,1663,18.5,6,0,3.5,3.5,6,5.6,41,14,0.14634146341463414,0.42857142857142855,34.146341463414636,19.0,56,5.26,0.33,87.5,50,938,1432,7,68,138,26,1172,5,16,23.809523809523807,25,28,0.32432432432432434,0.1891891891891892,2.5
282,Leroy Sané,FW,de GER,29.0,Bayern Munich,de Bundesliga,1637,18.2,11,0,10.2,10.2,5,5.5,67,29,0.16417910447761194,0.3793103448275862,43.28358208955223,16.6,36,4.18,0.49,82.5,75,787,1184,11,121,266,27,953,7,11,38.88888888888889,23,30,0.6043956043956045,0.5604395604395604,0.8000000000000007
283,Liam Delap,FW,eng ENG,22.0,Ipswich Town,eng Premier League,2593,28.8,12,2,7.799999999999999,9.3,2,1.9,66,29,0.18181818181818182,0.41379310344827586,43.93939393939394,16.0,21,2.15,0.24,61.3,61,445,682,5,92,110,60,537,55,13,80.88235294117648,11,13,0.41666666666666663,0.3229166666666667,2.6999999999999993
285,Lorenzo Colombo,"FW,MF",it ITA,23.0,Empoli,it Serie A,2233,24.8,6,1,5.1,5.9,2,2.9,55,18,0.10909090909090909,0.3333333333333333,32.72727272727273,18.1,21,2.21,0.12,67.5,27,438,837,8,83,116,52,547,53,14,79.1044776119403,31,33,0.24193548387096772,0.23790322580645162,0.09999999999999964
286,Lorenzo Lucca,FW,it ITA,24.0,Udinese,it Serie A,2353,26.1,12,1,6.800000000000001,7.6,1,1.6,64,25,0.1875,0.48,39.0625,13.6,14,1.26,0.15,64.1,15,349,642,5,109,98,28,478,59,6,90.76923076923077,10,16,0.45977011494252873,0.2911877394636015,4.4
288,Loïs Openda,"FW,MF",be BEL,25.0,RB Leipzig,de Bundesliga,2453,27.3,9,0,8.2,9.0,5,3.3999999999999995,77,31,0.11688311688311688,0.2903225806451613,40.25974025974026,16.8,28,2.42,0.37,63.8,58,521,904,2,158,229,27,718,19,8,70.37037037037037,9,14,0.32967032967032966,0.32967032967032966,0.0
290,Lucas Höler,"FW,MF",de GER,30.0,Freiburg,de Bundesliga,1867,20.7,6,0,6.900000000000001,7.699999999999999,4,2.9,34,17,0.17647058823529413,0.35294117647058826,50.0,10.8,22,2.46,0.29,65.5,21,395,854,4,89,122,24,571,80,15,84.21052631578947,37,44,0.2898550724637681,0.3719806763285024,-1.6999999999999993
292,Lucas Stassin,FW,be BEL,20.0,Saint-Étienne,fr Ligue 1,1887,21.0,12,0,7.0,7.0,4,3.3999999999999995,44,23,0.2727272727272727,0.5217391304347826,52.27272727272727,14.1,18,1.6999999999999995,0.4,74.0,26,326,655,8,85,149,20,455,15,14,51.724137931034484,16,19,0.5714285714285714,0.3333333333333333,5.0
293,Ludovic Ajorque,FW,fr FRA,31.0,Brest,fr Ligue 1,2495,27.7,13,0,9.6,10.4,2,3.1,53,25,0.24528301886792453,0.52,47.16981132075472,12.1,35,2.17,0.29,68.9,10,410,914,11,125,124,11,658,133,22,85.80645161290322,26,32,0.4693140794223827,0.37545126353790614,2.5999999999999996
294,Ludovic Blas,"MF,FW",fr FRA,27.0,Rennes,fr Ligue 1,2293,25.5,6,0,5.0,5.0,8,4.6,57,26,0.10526315789473684,0.23076923076923078,45.614035087719294,17.7,47,4.2,0.63,73.9,83,781,1262,17,105,184,46,919,11,19,36.666666666666664,38,51,0.23529411764705882,0.19607843137254902,1.0
295,Luis Díaz,FW,co COL,28.0,Liverpool,eng Premier League,2399,26.7,13,0,12.0,12.0,5,5.0,71,30,0.18309859154929578,0.43333333333333335,42.25352112676056,13.4,56,4.39,0.6,84.2,108,780,1184,6,167,293,49,933,13,24,35.13513513513514,39,46,0.4868913857677903,0.449438202247191,1.0
296,Luis Henrique,"DF,FW",br BRA,23.0,Marseille,fr Ligue 1,2613,29.0,7,0,4.2,4.2,7,4.2,30,14,0.23333333333333334,0.5,46.666666666666664,14.6,53,3.62,0.52,81.0,84,1015,1643,3,79,280,19,1282,0,1,0.0,16,26,0.2413793103448276,0.14482758620689656,2.8
299,M'Bala Nzola,FW,ao ANG,28.0,Lens,fr Ligue 1,1460,16.2,6,0,8.6,8.6,1,1.3,47,18,0.1276595744680851,0.3333333333333333,38.297872340425535,12.099999999999998,20,2.4,0.31,75.2,26,284,490,4,95,118,47,381,38,6,86.36363636363636,5,10,0.3703703703703704,0.5308641975308642,-2.5999999999999996
306,Marco Grüll,"FW,MF",at AUT,26.0,Werder Bremen,de Bundesliga,1181,13.1,6,0,4.0,4.0,1,1.7999999999999998,25,10,0.24,0.6,40.0,15.9,11,3.13,0.38,76.8,24,317,495,6,53,93,39,361,5,13,27.77777777777778,12,15,0.4580152671755725,0.3053435114503817,2.0
308,Marcus Rashford,FW,eng ENG,27.0,"Manchester Utd, Aston Villa",eng Premier League,1422,15.8,6,1,1.8860759493670889,2.1341772151898732,3,2.1620253164556957,34,14,0.17647058823529413,0.42857142857142855,41.17647058823529,17.988235294117644,28,3.544556962025317,0.2512658227848101,72.94917541229385,42,420,667,8,64,121,7,490,6,8,42.857142857142854,17,22,0.37974683544303794,0.1350745072904983,3.8658227848101268
310,Marcus Thuram,FW,fr FRA,27.0,Inter,it Serie A,2290,25.4,14,0,9.9,9.9,4,4.4,65,27,0.2153846153846154,0.5185185185185185,41.53846153846154,13.1,39,3.54,0.63,73.7,62,453,830,6,160,170,29,612,45,11,80.35714285714286,18,21,0.5511811023622047,0.3897637795275591,4.1
312,Marius Bülter,"FW,DF",de GER,32.0,Hoffenheim,de Bundesliga,1729,19.2,7,0,3.7000000000000006,3.7000000000000006,2,3.1,37,15,0.1891891891891892,0.4666666666666667,40.54054054054054,16.2,22,2.5,0.36,67.2,57,511,774,2,83,155,21,576,18,8,69.23076923076923,13,17,0.36458333333333337,0.19270833333333337,3.2999999999999994
315,Marvin Ducksch,FW,de GER,31.0,Werder Bremen,de Bundesliga,2418,26.9,8,1,8.5,10.1,8,8.5,70,27,0.11428571428571428,0.2962962962962963,38.57142857142858,17.3,61,3.83,0.45,61.7,26,538,1105,2,116,166,11,673,19,11,63.33333333333333,10,18,0.29739776951672864,0.3754646840148699,-2.0999999999999996
316,Marvin Pieringer,"FW,MF",de GER,25.0,Heidenheim,de Bundesliga,2206,24.5,7,3,6.6,8.9,4,4.0,57,17,0.12280701754385964,0.4117647058823529,29.82456140350877,15.1,30,2.81,0.29,65.8,23,467,849,6,97,115,24,607,73,5,93.58974358974359,23,31,0.2857142857142857,0.363265306122449,-1.9000000000000004
317,Mason Greenwood,"FW,MF",eng ENG,23.0,Marseille,fr Ligue 1,2804,31.2,21,7,9.1,16.3,5,5.7,111,45,0.1891891891891892,0.4666666666666667,40.54054054054054,19.8,47,3.95,0.61,78.40000000000002,126,1214,1746,11,151,295,44,1451,8,23,25.806451612903224,35,47,0.6730769230769231,0.5224358974358975,4.699999999999999
318,Mateo Retegui,FW,it ITA,26.0,Atalanta,it Serie A,2383,26.5,25,4,14.9,18.9,8,4.900000000000001,99,32,0.25252525252525254,0.78125,32.323232323232325,12.8,38,2.87,0.53,76.5,21,558,874,5,173,199,48,705,51,13,79.6875,14,18,0.9433962264150944,0.7132075471698113,6.100000000000001
319,Matheus Cunha,"MF,FW",br BRA,25.0,Wolves,eng Premier League,2597,28.9,15,0,8.6,8.6,6,7.7,110,44,0.13636363636363635,0.3409090909090909,40.0,20.5,56,4.57,0.55,71.6,112,904,1561,5,133,161,55,1056,13,26,33.33333333333333,38,55,0.5190311418685122,0.2975778546712803,6.4
326,Matthis Abline,FW,fr FRA,22.0,Nantes,fr Ligue 1,2768,30.8,9,1,7.700000000000001,8.5,2,3.8,73,26,0.1232876712328767,0.34615384615384615,35.61643835616438,15.0,27,1.98,0.29,65.2,75,587,878,5,142,169,65,689,64,6,91.42857142857143,11,15,0.2922077922077922,0.275974025974026,0.5
328,Mattia Zaccagni,FW,it ITA,29.0,Lazio,it Serie A,2686,29.8,8,2,4.9,6.4,6,4.6,46,14,0.17391304347826086,0.5714285714285714,30.434782608695656,17.3,55,3.59,0.3,75.8,91,911,1458,4,100,264,40,1084,19,16,54.285714285714285,38,67,0.2684563758389262,0.21476510067114093,1.5999999999999996
329,Maximilian Beier,"FW,MF",de GER,22.0,Dortmund,de Bundesliga,1591,17.7,8,0,7.7,7.7,5,3.3,42,13,0.19047619047619047,0.6153846153846154,30.952380952380953,12.599999999999998,24,3.11,0.4,70.5,24,338,618,6,88,124,26,423,23,19,54.761904761904766,25,32,0.4519774011299435,0.43502824858757067,0.2999999999999998
331,Michael Olise,"FW,MF",fr FRA,23.0,Bayern Munich,de Bundesliga,2334,25.9,12,0,9.7,9.7,15,11.999999999999998,86,36,0.13953488372093023,0.3333333333333333,41.86046511627907,17.6,90,6.51,0.96,81.4,119,1305,1957,5,148,381,29,1556,11,21,34.375,36,44,0.46332046332046334,0.3745173745173745,2.3000000000000007
333,Mika Biereth,FW,dk DEN,22.0,Monaco,fr Ligue 1,1228,13.6,13,1,9.7,11.3,2,4.5,40,22,0.325,0.5909090909090909,55.00000000000001,11.6,22,2.78,0.29,61.8,14,212,382,2,98,110,16,286,18,4,81.81818181818183,5,9,0.9558823529411765,0.8308823529411765,1.6999999999999993
334,Mikel Merino,"MF,FW",es ESP,28.0,Arsenal,eng Premier League,1586,17.6,7,0,5.9,5.9,2,2.0,38,13,0.18421052631578946,0.5384615384615384,34.21052631578947,10.7,17,2.44,0.23,78.2,11,388,783,13,79,94,27,504,59,16,78.66666666666666,46,61,0.3977272727272727,0.3352272727272727,1.0999999999999996
335,Mikel Oyarzabal,FW,es ESP,28.0,Real Sociedad,es La Liga,2250,25.0,9,4,6.8,9.9,3,2.4,39,13,0.23076923076923078,0.6923076923076923,33.33333333333333,13.4,15,1.52,0.2,73.5,31,393,729,6,107,133,30,532,32,13,71.11111111111111,25,29,0.36,0.396,-0.9000000000000004
340,Mohamed Amoura,FW,dz ALG,25.0,Wolfsburg,de Bundesliga,2467,27.4,10,2,7.2,8.7,9,4.0,73,25,0.136986301369863,0.4,34.24657534246575,16.8,35,2.92,0.47,70.3,81,628,1106,10,127,244,18,733,19,23,45.23809523809524,29,38,0.36496350364963503,0.3175182481751825,1.3000000000000007
341,Mohamed Salah,FW,eg EGY,32.0,Liverpool,eng Premier League,3371,37.5,29,9,18.2,25.2,18,14.2,121,50,0.2396694214876033,0.58,41.32231404958678,14.5,88,4.51,0.72,70.6,154,1149,1695,9,356,488,67,1407,9,9,50.0,21,30,0.7733333333333333,0.6719999999999999,3.8000000000000007
343,Moise Kean,FW,it ITA,25.0,Fiorentina,it Serie A,2704,30.0,19,1,17.8,19.4,3,1.9,103,49,0.18446601941747573,0.3877551020408163,47.57281553398058,15.0,19,1.9,0.23,69.9,42,454,700,4,132,143,53,541,51,1,98.07692307692307,7,13,0.6333333333333333,0.6466666666666666,-0.3999999999999986
344,Morgan Guilavogui,"FW,MF",gn GUI,27.0,St. Pauli,de Bundesliga,1807,20.1,6,0,7.1,7.1,2,1.8999999999999997,41,15,0.14634146341463414,0.4,36.58536585365854,13.6,27,2.59,0.2,65.9,42,384,832,5,103,135,24,565,66,17,79.51807228915662,32,45,0.29850746268656714,0.3532338308457711,-1.0999999999999996
345,Morgan Rogers,"FW,MF",eng ENG,22.0,Aston Villa,eng Premier League,3114,34.6,8,0,6.6,6.6,10,7.8,55,20,0.14545454545454545,0.4,36.36363636363637,15.9,51,3.04,0.46,73.2,114,794,1362,13,142,188,74,956,13,23,36.11111111111111,43,49,0.23121387283236994,0.1907514450867052,1.4000000000000004
348,Moses Simon,"FW,MF",ng NGA,29.0,Nantes,fr Ligue 1,2609,29.0,8,4,2.7,5.8,10,6.7,40,13,0.2,0.6153846153846154,32.5,19.6,56,3.73,0.52,62.0,147,731,1131,9,129,222,55,778,10,15,40.0,20,32,0.27586206896551724,0.19999999999999998,2.2
351,Myron Boadu,FW,nl NED,24.0,Bochum,de Bundesliga,1042,11.6,9,1,6.9,7.699999999999999,1,1.1,27,13,0.3333333333333333,0.6923076923076923,48.148148148148145,11.7,11,2.59,0.26,71.3,12,179,287,2,46,70,15,209,19,4,82.6086956521739,2,3,0.7758620689655172,0.6637931034482758,1.3000000000000007
354,Nick Woltemade,"FW,MF",de GER,23.0,Stuttgart,de Bundesliga,1622,18.0,12,2,8.0,10.2,2,4.6,46,23,0.2608695652173913,0.5217391304347826,50.0,12.3,37,4.38,0.55,70.6,31,470,788,4,159,141,50,623,47,4,92.15686274509804,10,11,0.6666666666666666,0.5666666666666667,1.8000000000000007
356,Nicolas Jackson,FW,sn SEN,23.0,Chelsea,eng Premier League,2220,24.7,10,0,12.3,12.3,5,4.3,76,34,0.13157894736842105,0.29411764705882354,44.73684210526316,12.9,28,2.8,0.41,75.9,47,417,687,9,141,129,41,514,21,5,80.76923076923077,22,25,0.4048582995951417,0.49797570850202433,-2.3000000000000007
361,Nicolás Paz,"MF,FW",ar ARG,20.0,Como,it Serie A,2687,29.9,6,0,8.5,9.3,8,5.999999999999999,109,37,0.05504587155963303,0.16216216216216217,33.94495412844037,20.699999999999996,54,4.82,0.54,80.6,77,1093,1683,7,85,171,45,1265,31,27,53.44827586206896,51,72,0.20066889632107024,0.3110367892976589,-3.3000000000000007
362,Nikola Krstović,FW,me MNE,25.0,Lecce,it Serie A,3057,34.0,11,2,9.7,12.1,5,2.9,134,38,0.08208955223880597,0.2894736842105263,28.35820895522388,18.8,30,2.56,0.21,66.4,42,571,1051,7,152,149,40,786,91,9,91.0,18,25,0.3235294117647059,0.3558823529411765,-1.0999999999999996
365,Noni Madueke,FW,eng ENG,23.0,Chelsea,eng Premier League,2033,22.6,7,0,9.6,9.6,3,4.2,80,30,0.0875,0.23333333333333334,37.5,14.4,32,3.5,0.35,77.4,154,641,980,5,184,226,25,756,11,24,31.428571428571427,25,35,0.30973451327433627,0.42477876106194684,-2.5999999999999996
369,Ollie Watkins,FW,eng ENG,29.0,Aston Villa,eng Premier League,2598,28.9,16,2,13.8,15.3,8,3.3,82,36,0.1951219512195122,0.4444444444444444,43.90243902439025,12.1,24,1.84,0.4199999999999999,72.4,55,409,695,4,168,165,50,552,52,8,86.66666666666667,10,18,0.5536332179930796,0.5294117647058824,0.6999999999999993
370,Omar Marmoush,FW,eg EGY,26.0,"Manchester City, Eint Frankfurt","eng Premier League, de Bundesliga",2623,29.200000000000003,22,2,6.492465753424656,7.319520547945205,9,4.674657534246575,124,51,0.1774193548387097,0.43137254901960786,41.12903225806452,18.29758064516129,49,4.462157534246575,0.7895890410958903,73.83200000000001,102,762,1175,11,177,203,56,844,12,12,50.0,25,33,0.7534246575342465,0.25066851191593165,14.680479452054795
375,Ousmane Dembélé,FW,fr FRA,28.0,Paris S-G,fr Ligue 1,1730,19.2,21,1,15.8,16.6,6,8.2,96,49,0.21875,0.42857142857142855,51.041666666666664,16.0,63,5.72,0.78,79.0,127,878,1323,4,161,252,32,1127,4,8,33.33333333333333,11,20,1.09375,0.8645833333333335,4.399999999999999
378,Patrick Cutrone,FW,it ITA,27.0,Como,it Serie A,2047,22.7,7,0,6.3,7.1,4,2.1,69,26,0.10144927536231885,0.2692307692307692,37.68115942028986,15.900000000000002,19,2.15,0.26,70.3,53,445,692,6,119,155,26,508,23,7,76.66666666666667,16,21,0.30837004405286345,0.31277533039647576,-0.09999999999999964
381,Patrik Schick,FW,cz CZE,29.0,Leverkusen,de Bundesliga,1684,18.7,21,1,11.9,12.7,0,0.6,68,32,0.3088235294117647,0.65625,47.05882352941176,11.8,11,1.82,0.16,78.0,7,312,578,2,108,107,30,452,45,4,91.83673469387756,6,10,1.1229946524064172,0.6791443850267379,8.3
384,Paulo Dybala,"FW,MF",ar ARG,31.0,Roma,it Serie A,1417,15.7,6,3,4.0,6.4,3,5.0,47,15,0.1276595744680851,0.4,31.914893617021278,21.1,40,5.34,0.51,81.8,41,595,909,5,75,122,28,709,8,11,42.10526315789473,17,19,0.3821656050955414,0.40764331210191085,-0.40000000000000036
385,Pedro,"FW,MF",es ESP,37.0,Lazio,it Serie A,1102,12.2,10,2,3.7999999999999994,5.3,1,1.6,37,16,0.2702702702702703,0.625,43.24324324324324,19.1,22,4.09,0.25,79.8,48,435,722,5,61,89,21,546,1,11,8.333333333333332,19,22,0.819672131147541,0.43442622950819676,4.7
389,Phil Foden,"MF,FW",eng ENG,24.0,Manchester City,eng Premier League,1777,19.7,7,0,5.2,5.2,2,4.8,54,16,0.12962962962962962,0.4375,29.629629629629626,18.6,43,4.46,0.4599999999999999,84.1,50,722,1139,4,83,128,31,894,3,11,21.428571428571427,13,22,0.3553299492385787,0.2639593908629442,1.7999999999999998
390,Phil Harres,FW,de GER,23.0,Holstein Kiel,de Bundesliga,1544,17.2,8,0,5.9,5.9,1,1.3,37,17,0.21621621621621623,0.47058823529411764,45.94594594594595,12.7,10,1.28,0.29,56.6,12,240,481,3,61,71,24,318,54,4,93.10344827586206,10,15,0.46511627906976744,0.34302325581395354,2.0999999999999996
392,Phillip Tietz,FW,de GER,27.0,Augsburg,de Bundesliga,1686,18.7,7,1,5.3,6.1,2,1.2,51,19,0.13725490196078433,0.3684210526315789,37.254901960784316,16.3,22,2.56,0.27,62.39999999999999,8,347,677,2,89,113,17,502,78,3,96.29629629629629,11,16,0.37433155080213903,0.3262032085561497,0.9000000000000004
394,Rafael Leão,FW,pt POR,25.0,Milan,it Serie A,2323,25.8,8,0,7.599999999999999,7.599999999999999,8,8.4,66,29,0.12121212121212122,0.27586206896551724,43.93939393939394,16.6,58,4.38,0.62,74.2,123,780,1135,4,152,262,36,940,26,18,59.09090909090909,16,22,0.31007751937984496,0.2945736434108527,0.40000000000000124
396,Randal Kolo Muani,FW,fr FRA,26.0,"Juventus, Paris S-G","it Serie A, fr Ligue 1",1518,16.9,10,2,3.9,4.700000000000001,2,1.434319526627219,40,19,0.25,0.5263157894736842,47.5,12.675,22,2.3692899408284025,0.3530769230769231,70.75161290322582,29,291,496,5,102,135,33,373,19,3,86.36363636363636,15,19,0.591715976331361,0.27810650887573973,5.299999999999999
398,Raphinha,"FW,MF",br BRA,28.0,Barcelona,es La Liga,2839,31.5,18,2,17.6,19.2,9,12.7,112,40,0.16071428571428573,0.45,35.714285714285715,19.1,91,5.17,0.7,71.1,94,1016,1863,11,183,349,29,1316,9,20,31.03448275862069,36,47,0.5714285714285714,0.6095238095238095,-1.1999999999999993
400,Rayan Cherki,"FW,MF",fr FRA,21.0,Lyon,fr Ligue 1,2041,22.7,8,0,5.0,5.0,11,11.1,45,19,0.17777777777777778,0.42105263157894735,42.22222222222222,16.8,75,6.440000000000001,0.88,78.5,106,1021,1573,4,132,184,43,1234,4,22,15.384615384615385,15,22,0.3524229074889868,0.22026431718061676,3.0
401,Raúl Jiménez,FW,mx MEX,34.0,Fulham,eng Premier League,2494,27.7,12,3,9.6,12.0,3,3.3,93,30,0.12903225806451613,0.4,32.25806451612903,14.5,24,2.3800000000000003,0.25,71.2,35,549,999,9,165,125,45,734,91,14,86.66666666666667,35,45,0.4332129963898917,0.4332129963898917,0.0
403,Riccardo Orsolini,FW,it ITA,28.0,Bologna,it Serie A,1878,20.9,15,3,7.8,10.1,4,3.7,72,25,0.20833333333333334,0.6,34.72222222222222,17.5,30,2.83,0.2399999999999999,65.8,61,589,916,4,88,186,25,675,23,6,79.3103448275862,16,24,0.7177033492822967,0.48325358851674644,4.9
406,Ritsu Doan,"FW,MF",jp JPN,26.0,Freiburg,de Bundesliga,2862,31.8,10,0,6.6,6.6,7,3.7,61,21,0.16393442622950818,0.47619047619047616,34.42622950819672,16.7,27,3.49,0.5,71.8,64,827,1537,7,108,178,62,1031,16,21,43.24324324324324,66,80,0.31446540880503143,0.20754716981132074,3.4000000000000004
407,Robert Lewandowski,FW,pl POL,36.0,Barcelona,es La Liga,2667,29.6,27,3,23.9,27.1,2,2.3,111,45,0.24324324324324326,0.6,40.54054054054054,13.199999999999998,19,1.69,0.1,73.4,26,471,841,4,179,164,45,667,36,6,85.71428571428571,10,13,0.9121621621621622,0.9155405405405406,-0.10000000000000142
408,Roberto Férnandez,FW,es ESP,22.0,Espanyol,es La Liga,1497,16.6,6,0,3.6,3.6,0,0.6,21,9,0.2857142857142857,0.6666666666666666,42.857142857142854,14.0,8,1.68,0.18,72.2,7,227,436,1,37,50,16,292,34,5,87.17948717948718,4,7,0.36144578313253006,0.21686746987951805,2.4
410,Roberto Piccoli,FW,it ITA,24.0,Cagliari,it Serie A,3127,34.7,10,1,12.0,12.7,1,0.9,97,28,0.10309278350515463,0.35714285714285715,28.865979381443296,13.1,13,1.64,0.23,66.3,30,511,919,5,144,165,46,666,110,9,92.43697478991596,13,16,0.2881844380403458,0.3659942363112391,-2.6999999999999993
412,Rodrigo Muniz,FW,br BRA,24.0,Fulham,eng Premier League,964,10.7,8,0,5.8,5.8,1,0.7,39,19,0.20512820512820512,0.42105263157894735,48.717948717948715,12.0,7,1.59,0.19,64.8,6,157,311,2,55,31,24,237,67,0,100.0,10,15,0.7476635514018692,0.5420560747663552,2.2
413,Rodrygo,"FW,MF",br BRA,24.0,Real Madrid,es La Liga,1928,21.4,6,0,3.9,4.0,5,2.9999999999999996,54,20,0.1111111111111111,0.3,37.03703703703704,16.4,49,4.95,0.42,85.9,113,889,1340,2,127,253,15,1068,7,16,30.434782608695656,21,32,0.28037383177570097,0.1869158878504673,2.0
414,Romain Del Castillo,FW,fr FRA,29.0,Brest,fr Ligue 1,1259,14.0,6,3,1.5,4.7,4,3.4,17,8,0.35294117647058826,0.75,47.05882352941176,19.7,37,4.79,0.64,69.8,29,438,840,9,41,106,17,565,8,13,38.095238095238095,31,37,0.42857142857142855,0.33571428571428574,1.2999999999999998
415,Romelu Lukaku,FW,be BEL,32.0,Napoli,it Serie A,2843,31.6,14,3,9.8,13.0,10,4.0,60,20,0.23333333333333334,0.7,33.33333333333333,14.3,35,2.4,0.51,71.0,31,380,725,2,143,219,53,589,42,3,93.33333333333333,4,5,0.4430379746835443,0.4113924050632911,1.0
421,Samuel Essende,FW,cd COD,27.0,Augsburg,de Bundesliga,1636,18.2,7,0,4.2,4.2,2,1.3,44,13,0.1590909090909091,0.5384615384615384,29.545454545454547,13.9,11,1.48,0.16,64.8,33,347,564,3,93,118,37,433,57,1,98.27586206896551,7,7,0.38461538461538464,0.23076923076923078,2.8
422,Sandro Ramírez,"FW,MF",es ESP,29.0,Las Palmas,es La Liga,2034,22.6,9,1,3.3,4.1,3,3.4,51,20,0.17647058823529413,0.45,39.21568627450981,24.3,28,2.61,0.27,64.2,52,469,930,4,64,121,28,575,12,17,41.37931034482759,27,43,0.3982300884955752,0.1814159292035398,4.9
423,Santiago Castro,FW,ar ARG,20.0,Bologna,it Serie A,2294,25.5,8,0,6.9,7.7,4,2.9,62,20,0.12903225806451613,0.4,32.25806451612903,15.8,28,2.71,0.43,76.8,17,428,722,5,101,136,64,519,37,11,77.08333333333334,18,21,0.3137254901960784,0.30196078431372547,0.2999999999999998
425,Sebastian Nanasi,"MF,FW",se SWE,23.0,Strasbourg,fr Ligue 1,2107,23.4,6,0,6.5,6.5,4,4.9,28,12,0.21428571428571427,0.5,42.857142857142854,12.4,37,3.63,0.7299999999999999,79.2,53,557,992,2,73,127,15,690,3,14,17.647058823529413,20,27,0.25641025641025644,0.2777777777777778,-0.5
426,Sebastiano Esposito,"FW,MF",it ITA,22.0,Empoli,it Serie A,2331,25.9,8,1,4.2,5.7,0,2.1,59,19,0.13559322033898305,0.42105263157894735,32.20338983050847,19.8,36,3.05,0.23,60.2,31,565,1081,11,95,106,50,712,26,17,60.46511627906976,57,69,0.3088803088803089,0.2200772200772201,2.3
427,Serge Gnabry,"FW,MF",de GER,29.0,Bayern Munich,de Bundesliga,1242,13.8,7,0,6.8,7.5,5,5.1,48,17,0.14583333333333334,0.4117647058823529,35.41666666666667,15.699999999999998,24,4.06,0.94,83.4,44,468,758,7,96,149,7,581,4,4,50.0,20,26,0.5072463768115941,0.5434782608695652,-0.5
430,Serhou Guirassy,FW,gn GUI,29.0,Dortmund,de Bundesliga,2598,28.9,21,3,19.6,22.7,4,3.9,86,33,0.2441860465116279,0.6363636363636364,38.372093023255815,12.1,25,1.84,0.35,72.7,25,528,965,3,160,128,30,747,109,3,97.32142857142857,7,11,0.726643598615917,0.7854671280276817,-1.6999999999999993
433,Shuto Machino,"FW,MF",jp JPN,25.0,Holstein Kiel,de Bundesliga,1953,21.7,11,2,4.9,6.499999999999999,2,3.0,49,21,0.22448979591836735,0.5238095238095238,42.857142857142854,17.2,27,3.41,0.4099999999999999,64.2,30,449,899,1,63,108,20,581,27,10,72.97297297297297,8,15,0.5069124423963134,0.2995391705069124,4.500000000000001
435,Sofiane Diop,"MF,FW",fr FRA,24.0,Nice,fr Ligue 1,1064,11.8,6,0,6.000000000000001,6.000000000000001,4,2.9,22,11,0.2727272727272727,0.5454545454545454,50.0,16.4,24,3.98,0.7599999999999999,77.2,26,399,714,4,35,70,18,508,3,13,18.75,23,40,0.5084745762711864,0.5084745762711865,-8.881784197001252e-16
436,Son Heung-min,FW,kr KOR,32.0,Tottenham,eng Premier League,2110,23.4,7,1,5.6,7.2,9,8.2,55,24,0.12727272727272726,0.2916666666666667,43.63636363636363,17.0,50,4.99,0.64,78.9,96,761,1134,6,122,265,32,867,6,22,21.428571428571427,17,22,0.29914529914529914,0.3076923076923077,-0.20000000000000018
439,Steven Skrzybski,"MF,FW",de GER,32.0,Holstein Kiel,de Bundesliga,1323,14.7,6,1,2.7,3.5,3,2.9,32,12,0.1875,0.5,37.5,20.2,22,3.47,0.34,70.0,17,313,619,6,45,71,22,398,6,17,26.08695652173913,19,30,0.40816326530612246,0.2380952380952381,2.5
443,Takumi Minamino,"MF,FW",jp JPN,30.0,Monaco,fr Ligue 1,2231,24.8,6,0,8.9,8.9,3,6.6,57,20,0.10526315789473684,0.3,35.08771929824561,14.7,40,3.23,0.28,70.7,51,567,1016,12,135,193,23,709,19,27,41.30434782608695,33,43,0.24193548387096772,0.3588709677419355,-2.9000000000000004
450,Thierno Barry,FW,fr FRA,22.0,Villarreal,es La Liga,2323,25.8,11,1,11.7,12.5,4,2.8999999999999995,71,24,0.15492957746478872,0.4583333333333333,33.80281690140845,12.0,23,1.78,0.23,62.0,44,347,624,4,126,124,27,485,99,6,94.28571428571428,11,11,0.4263565891472868,0.4844961240310077,-1.5
453,Tiago Tomás,"FW,MF",pt POR,22.0,Wolfsburg,de Bundesliga,1884,20.9,6,0,5.4,5.4,1,2.6,42,20,0.14285714285714285,0.3,47.61904761904761,16.0,20,2.63,0.38,69.3,31,503,782,7,78,125,35,556,9,20,31.03448275862069,33,42,0.28708133971291866,0.2583732057416268,0.5999999999999996
454,Tim Kleindienst,FW,de GER,29.0,Gladbach,de Bundesliga,2737,30.4,16,1,11.9,13.6,7,6.2,73,36,0.2191780821917808,0.4444444444444444,49.31506849315068,12.9,29,2.24,0.46,60.89999999999999,45,545,1149,9,137,145,42,797,149,25,85.63218390804597,30,42,0.5263157894736842,0.4473684210526316,2.4000000000000004
465,Valentín Castellanos,FW,ar ARG,26.0,Lazio,it Serie A,2384,26.5,10,2,11.1,13.300000000000002,3,3.6,105,36,0.09523809523809523,0.2777777777777778,34.285714285714285,16.8,26,2.76,0.53,67.7,27,423,835,7,155,149,29,618,68,9,88.31168831168831,13,19,0.37735849056603776,0.5018867924528303,-3.3000000000000025
466,Vedat Muriqi,FW,xk KVX,31.0,Mallorca,es La Liga,2058,22.9,7,2,7.3,9.7,2,2.2,52,16,0.1346153846153846,0.4375,30.76923076923077,12.3,26,1.97,0.26,60.6,23,334,733,2,114,103,26,550,135,4,97.12230215827337,7,14,0.30567685589519655,0.42358078602620086,-2.6999999999999993
467,Victor Boniface,FW,ng NGA,24.0,Leverkusen,de Bundesliga,1008,11.2,8,0,7.1000000000000005,7.800000000000001,1,1.1,50,17,0.16,0.47058823529411764,34.0,14.5,10,2.86,0.27,70.2,26,207,400,2,77,61,29,319,32,1,96.96969696969697,5,5,0.7142857142857143,0.6964285714285715,0.1999999999999993
469,Vincenzo Grifo,"FW,MF",it ITA,32.0,Freiburg,de Bundesliga,2432,27.0,8,0,5.6,7.9,11,6.9,63,26,0.12698412698412698,0.3076923076923077,41.269841269841265,20.8,66,4.48,0.56,76.7,58,939,1768,5,71,147,17,1186,15,19,44.11764705882353,30,39,0.2962962962962963,0.2925925925925926,0.09999999999999964
470,Vinicius Júnior,FW,br BRA,24.0,Real Madrid,es La Liga,2253,25.0,11,2,8.2,10.4,8,8.0,78,24,0.14102564102564102,0.4583333333333333,30.76923076923077,17.5,58,5.39,0.72,74.7,169,952,1264,10,199,256,49,1059,1,13,7.142857142857142,21,24,0.44,0.41600000000000004,0.5999999999999996
478,Yankuba Minteh,"FW,MF",gm GAM,20.0,Brighton,eng Premier League,1838,20.4,6,0,4.1,4.1,4,5.0,34,16,0.17647058823529413,0.375,47.05882352941176,13.8,29,3.14,0.64,62.5,90,481,836,10,146,201,28,511,17,28,37.77777777777778,48,59,0.29411764705882354,0.20098039215686275,1.9000000000000004
484,Yoane Wissa,FW,cd COD,28.0,Brentford,eng Premier League,2919,32.4,19,0,18.5,18.5,4,2.6,90,41,0.2111111111111111,0.4634146341463415,45.55555555555556,13.2,27,2.13,0.31,76.5,60,550,925,8,163,154,35,658,30,16,65.21739130434783,22,30,0.5864197530864198,0.5709876543209876,0.5
486,Zakaria Aboukhlal,"MF,FW",ma MAR,25.0,Toulouse,fr Ligue 1,1901,21.1,7,1,8.6,10.2,2,1.6,62,26,0.11290322580645161,0.2692307692307692,41.935483870967744,14.6,12,1.61,0.33,63.3,34,375,613,7,113,164,26,450,22,19,53.65853658536586,22,28,0.33175355450236965,0.48341232227488146,-3.1999999999999993
488,Zuriko Davitashvili,"FW,MF",ge GEO,24.0,Saint-Étienne,fr Ligue 1,2778,30.9,9,2,6.6,8.1,8,4.7,68,24,0.1323529411764706,0.375,35.294117647058826,19.4,50,3.85,0.5,78.6,95,764,1298,6,123,224,57,905,14,34,29.166666666666668,22,36,0.29126213592233013,0.2621359223300971,0.9000000000000004
489,Álex Berenguer,"FW,MF",es ESP,29.0,Athletic Club,es La Liga,2339,26.0,6,0,6.0,6.799999999999999,7,5.0,51,18,0.11764705882352941,0.3333333333333333,35.294117647058826,18.4,46,3.77,0.54,65.8,65,643,1249,9,86,216,49,809,27,18,60.0,31,41,0.23076923076923078,0.2615384615384615,-0.7999999999999989
