,name,position,nation,age,club,league,mins_played,ninety_mins_played,goals_scored,penalty_goals,non_pen_exp_goals,exp_goals,assists,exp_assists,total_shots,shots_on_target,goals_per_shot,goals_per_sot,shot_on_target_perc,avg_shot_distance,key_passes,shot_creation_per_90,goal_creation_per_90,pass_completion_perc,progressive_carries,total_carries,total_touches,touches_in_attacking_third,touches_in_pen,progressive_runs,times_dispossessed,passes_received,aerial_duels_won,aerial_duels_lost,aerial_duel_win_perc,tackles,tackles_and_interceptions
1,Abdallah Sima,"FW,MF",sn SEN,23.0,Brest,fr Ligue 1,1238,13.8,7,0,5.900000000000001,5.900000000000001,2,1.0,37,18,0.19,0.39,48.6,13.1,13,2.04,0.22,69.6,36,299,510,8,66,92,22,378,41,7,48.20000000000001,15,16
2,Abde Ezzalzouli,"FW,MF",ma MAR,23.0,Betis,es La Liga,1984,22.0,2,0,7.2,8.0,2,2.0,61,25,0.03,0.08,41.0,15.6,27,2.99,0.32,71.6,117,706,1081,4,151,215,50,797,26,12,41.3,37,44
9,Abel Ruiz,FW,es ESP,25.0,Girona,es La Liga,1346,15.0,4,1,3.0,4.6,0,0.5,21,7,0.14,0.43,33.3,14.0,8,1.14,0.07,87.9,21,225,391,2,59,71,18,281,9,3,32.1,6,11
10,Adam Armstrong,"FW,MF",eng ENG,28.0,Southampton,eng Premier League,1248,13.9,2,0,2.3,3.3,2,1.2,25,7,0.08,0.29,28.0,16.6,9,1.37,0.29,80.2,25,235,377,3,49,79,18,286,5,11,35.7,12,15
11,Adam Hložek,"FW,MF",cz CZE,22.0,Hoffenheim,de Bundesliga,1871,20.8,8,0,5.6,5.6,4,3.4999999999999996,59,24,0.14,0.33,40.7,17.3,20,2.74,0.48,68.5,54,429,761,7,114,102,37,552,40,9,50.6,22,26
12,Adama Boiro,"DF,FW",es ESP,22.0,Athletic Club,es La Liga,1101,12.2,0,0,0.3,0.3,0,0.5,5,0,0.0,,0.0,14.4,5,1.31,0.0,79.9,25,288,627,2,14,36,15,332,16,5,64.0,20,32
13,Adama Traoré,"FW,MF",es ESP,29.0,Fulham,eng Premier League,1772,19.7,2,0,4.0,4.0,7,4.9,39,12,0.05,0.17,30.8,14.2,42,4.16,0.51,72.2,100,538,801,5,91,161,25,607,25,8,49.0,20,21
14,Ademola Lookman,"MF,FW",ng NGA,27.0,Atalanta,it Serie A,2247,25.0,15,1,9.5,10.3,5,7.1,81,32,0.17,0.44,39.5,14.700000000000001,61,5.41,0.6,72.5,142,827,1274,8,199,316,51,974,17,8,56.7,32,35
16,Ado Onaiwu,"MF,FW",jp JPN,29.0,Auxerre,fr Ligue 1,957,10.6,4,0,4.0,4.0,1,1.1,23,14,0.17,0.29,60.9,13.9,10,2.63,0.09,73.3,17,268,458,3,30,74,22,346,37,10,58.7,11,14
17,Adri Embarba,"FW,MF",es ESP,33.0,Rayo Vallecano,es La Liga,1607,17.9,1,0,2.1,2.1,1,2.7,37,12,0.029999999999999995,0.08,32.4,22.1,20,2.58,0.11,63.89999999999999,47,467,847,7,44,114,24,527,13,29,28.300000000000004,41,54
19,Adrian Beck,"MF,FW",de GER,27.0,Heidenheim,de Bundesliga,1598,17.8,4,0,3.3,3.3,1,1.2,39,13,0.1,0.31,33.3,17.8,21,3.16,0.23,80.1,37,553,962,6,53,83,26,584,29,23,59.2,36,45
22,Adrià Altimira,"DF,FW",es ESP,24.0,Leganés,es La Liga,1630,18.1,0,0,0.3,0.3,0,0.5,7,2,0.0,0.0,28.6,24.1,11,1.16,0.06,78.5,23,370,826,3,8,69,7,432,12,16,38.7,41,56
25,Aitor Ruibal,"DF,FW",es ESP,29.0,Betis,es La Liga,1313,14.6,1,0,0.9,0.9,3,2.4,16,4,0.06,0.25,25.0,19.0,20,2.46,0.27,80.9,21,398,790,6,33,64,16,459,7,22,35.0,32,46
26,Akor Adams,FW,ng NGA,25.0,"Sevilla, Montpellier","es La Liga, fr Ligue 1",1209,13.4,3,0,3.8634328358208956,3.8634328358208956,1,0.8880597014925373,28,13,0.11142857142857143,0.23076923076923078,46.471428571428575,13.935714285714285,12,1.8560447761194028,0.3729850746268657,63.97192982456141,11,131,285,1,50,50,14,194,34,1,48.60285714285714,4,5
27,Alassane Pléa,"MF,FW",fr FRA,32.0,Gladbach,de Bundesliga,1902,21.1,11,1,6.599999999999999,7.4,4,3.1,41,12,0.24,0.83,29.299999999999997,15.199999999999998,25,3.41,0.66,72.1,51,601,979,5,77,141,22,773,15,9,31.899999999999995,7,9
28,Albert Grønbaek,"FW,MF",dk DEN,24.0,"Southampton, Rennes","eng Premier League, fr Ligue 1",956,10.6,2,0,1.288679245283019,1.288679245283019,1,0.8490566037735849,24,9,0.0825,,37.49166666666667,18.916666666666668,20,2.9156603773584906,0.4669811320754717,63.642452830188674,24,236,424,6,43,61,19,271,6,25,47.980645161290326,25,29
29,Albert Guðmundsson,"FW,MF",is ISL,27.0,Fiorentina,it Serie A,1273,14.1,6,2,3.1,4.7,1,1.8,25,13,0.16,0.31,52.0,20.6,15,2.76,0.35,83.0,35,402,624,3,32,59,14,466,4,10,25.0,9,15
32,Alberto Moleiro,"FW,MF",es ESP,21.0,Las Palmas,es La Liga,2714,30.2,6,0,5.6,5.6,1,3.3,68,24,0.09,0.25,35.3,19.0,41,3.52,0.2,81.3,97,946,1416,1,102,179,48,1097,5,30,18.5,27,45
34,Alejandro Garnacho,"MF,FW",ar ARG,20.0,Manchester Utd,eng Premier League,2199,24.4,6,0,7.3,7.3,2,4.5,84,29,0.07,0.21,34.5,17.0,37,3.4,0.25,78.9,141,840,1159,13,176,290,48,888,3,25,11.1,30,43
35,Alejandro Jiménez,"DF,FW",es ESP,20.0,Milan,it Serie A,1266,14.1,0,0,0.8000000000000002,0.8000000000000002,1,1.3000000000000003,15,5,0.0,0.0,33.3,22.1,12,2.42,0.28,80.1,55,423,729,2,37,72,13,437,9,16,40.9,24,39
36,Alejo Véliz,FW,ar ARG,21.0,Espanyol,es La Liga,1127,12.5,1,0,2.3,2.3,0,0.6,19,6,0.05,0.17,31.599999999999998,10.7,3,1.1,0.31,65.2,2,123,317,0,30,27,12,205,51,6,46.8,1,5
37,Aleksandr Golovin,"MF,FW",ru RUS,28.0,Monaco,fr Ligue 1,1153,12.8,3,0,2.3,2.3,0,2.4,24,9,0.13,0.33,37.5,21.399999999999995,24,3.74,0.08,77.1,39,504,840,9,31,72,18,563,9,22,40.9,38,50
40,Alessandro Zanoli,"FW,DF",it ITA,24.0,Genoa,it Serie A,1711,19.0,1,0,0.4,0.4,0,1.6,11,3,0.09,0.33,27.3,20.8,19,1.68,0.05,66.9,65,364,720,4,43,90,9,442,19,13,50.0,29,41
43,Alex Baena,"MF,FW",es ESP,23.0,Villarreal,es La Liga,2595,28.8,7,0,6.3,7.1,9,11.7,69,17,0.1,0.41,24.6,21.0,95,5.86,0.73,66.6,91,895,1569,8,89,154,32,1044,16,29,45.7,28,50
44,Alex Iwobi,"FW,MF",ng NGA,29.0,Fulham,eng Premier League,2981,33.1,9,0,4.7,4.7,6,7.0,68,29,0.13,0.31,42.6,18.3,59,3.68,0.48,75.1,144,1312,1861,9,116,246,40,1447,7,12,18.4,44,58
45,Alex Sola,"MF,FW",es ESP,25.0,Getafe,es La Liga,1029,11.4,0,0,1.0,1.0,1,0.7,15,2,0.0,0.0,13.3,18.6,9,2.28,0.18,64.0,24,265,446,0,35,61,21,302,18,16,39.1,21,28
46,Alexander Bernhardsson,"FW,MF",se SWE,26.0,Holstein Kiel,de Bundesliga,1263,14.0,7,0,4.1,4.1,2,1.3,27,14,0.26,0.5,51.9,17.5,17,2.57,0.5,60.5,25,264,520,11,41,72,18,304,19,11,35.8,29,34
47,Alexander Isak,FW,se SWE,25.0,Newcastle Utd,eng Premier League,2756,30.6,23,4,17.2,20.3,6,4.3,95,41,0.2,0.45999999999999996,43.2,14.5,41,3.01,0.46,75.3,83,615,1025,7,189,217,55,740,26,10,32.1,12,15
48,Alexander Sørloth,FW,no NOR,29.0,Atlético Madrid,es La Liga,1566,17.4,20,1,16.0,16.8,2,1.6,78,40,0.24,0.48,51.3,12.0,13,1.73,0.29,63.8,32,323,602,2,116,81,32,454,98,3,66.2,9,10
49,Alexandre Lacazette,FW,fr FRA,33.0,Lyon,fr Ligue 1,2051,22.8,15,5,11.7,16.3,2,3.4,53,31,0.19,0.32,58.5,13.5,26,2.46,0.22,71.8,24,418,742,3,137,159,20,572,16,11,33.3,13,21
50,Alexis Claude-Maurice,"MF,FW",fr FRA,26.0,Augsburg,de Bundesliga,2109,23.4,9,0,4.7,4.7,2,1.2,59,22,0.15,0.41,37.3,20.5,21,3.2899999999999996,0.26,82.9,59,619,994,14,64,102,50,727,14,17,37.8,41,56
51,Alexis Saelemaekers,"DF,FW",be BEL,25.0,"Roma, Milan",it Serie A,1479,16.4,7,0,2.347560975609756,2.347560975609756,3,2.4475609756097563,25,12,,,,,26,3.90109756097561,0.6103658536585366,81.74473684210527,46,641,1026,5,49,149,14,770,8,17,,34,44
53,Alfon,"FW,MF",es ESP,26.0,Celta Vigo,es La Liga,1371,15.2,5,0,4.6,4.6,2,2.5999999999999996,46,19,0.10999999999999999,0.26,41.3,17.3,24,3.87,0.46,69.8,89,374,551,3,114,170,20,428,3,8,17.6,8,13
56,Alieu Fadera,"FW,DF",gm GAM,23.0,Como,it Serie A,1644,18.3,1,0,1.7,1.7,3,4.0,28,9,0.04,0.11,32.1,18.6,23,2.95,0.38,74.6,74,544,844,12,60,160,33,533,11,25,42.3,64,76
59,Amad Diallo,"MF,FW",ci CIV,22.0,Manchester Utd,eng Premier League,1901,21.1,8,0,4.7,4.7,6,4.9,47,17,0.17,0.47,36.2,17.5,49,4.59,0.8500000000000001,83.8,109,782,1207,9,131,200,35,854,10,13,40.0,38,49
61,Amin Sarr,FW,se SWE,24.0,Hellas Verona,it Serie A,1907,21.2,4,0,3.2,3.2,1,2.1,23,7,0.17,0.57,30.4,14.3,22,2.13,0.18999999999999997,70.0,31,345,681,11,58,103,26,495,65,5,41.7,22,25
63,Amine Gouiri,"FW,MF",dz ALG,25.0,"Marseille, Rennes",fr Ligue 1,2085,23.1,13,0,5.96060606060606,5.96060606060606,5,2.006926406926407,82,40,0.16219512195121952,0.328,48.80121951219512,15.653658536585365,34,3.6699567099567094,0.4755411255411255,79.54714587737844,39,514,946,5,129,160,36,682,10,7,31.605882352941173,14,17
65,Anass Zaroury,"FW,MF",ma MAR,24.0,Lens,fr Ligue 1,1405,15.6,2,0,1.7,1.7,2,2.9,35,12,0.060000000000000005,0.17,34.3,22.4,35,4.61,0.26,67.8,49,541,893,5,26,107,14,660,2,17,28.599999999999998,23,29
66,Anastasios Douvikas,FW,gr GRE,25.0,"Como, Celta Vigo","it Serie A, es La Liga",1280,14.2,5,0,3.543661971830986,3.543661971830986,3,0.6056338028169015,31,14,0.16193548387096776,0.35500000000000004,45.13225806451613,11.687096774193547,12,2.104084507042254,0.14352112676056342,73.62780748663103,14,233,374,1,66,79,31,283,22,6,34.57857142857143,12,16
67,Ander Barrenetxea,"MF,FW",es ESP,23.0,Real Sociedad,es La Liga,1263,14.0,1,0,1.6,1.6,3,1.9,25,8,0.04,0.13,32.0,16.2,16,2.9899999999999998,0.43,70.9,43,470,751,5,63,152,26,522,7,17,33.3,26,37
69,Andrea Cambiaso,"DF,FW",it ITA,25.0,Juventus,it Serie A,2221,24.7,2,0,0.7,0.7,3,2.6,17,6,0.12,0.33,35.3,22.1,34,3.45,0.36,88.5,78,1195,1911,6,42,122,21,1364,6,17,35.3,46,62
70,Andrea Colpani,"FW,MF",it ITA,26.0,Fiorentina,it Serie A,1450,16.1,2,0,2.7,2.7,1,1.3,36,12,0.060000000000000005,0.17,33.3,18.5,17,2.7,0.31,80.7,37,395,609,3,49,129,22,449,10,8,40.0,15,24
72,Andrea Pinamonti,FW,it ITA,26.0,Genoa,it Serie A,2850,31.7,10,0,7.0,7.7,1,1.7,78,29,0.13,0.34,37.2,16.1,15,1.52,0.16,62.8,20,491,952,3,116,132,34,710,83,6,42.8,10,11
75,Andrej Ilic,FW,rs SRB,25.0,Union Berlin,de Bundesliga,937,10.4,7,1,4.1,4.9,0,0.3,27,11,0.22,0.55,40.7,12.1,6,1.44,0.19,57.6,5,151,302,0,45,59,9,209,52,6,48.1,2,7
76,Andrej Kramarić,"MF,FW",hr CRO,33.0,Hoffenheim,de Bundesliga,2767,30.7,11,3,9.5,11.8,8,4.3,66,23,0.12,0.35,34.8,15.799999999999999,49,3.32,0.46,77.7,75,938,1554,2,131,202,38,1153,8,5,25.800000000000004,15,22
77,André Ayew,FW,gh GHA,35.0,Le Havre,fr Ligue 1,1453,16.1,4,0,4.3,4.3,1,0.2,22,9,0.18,0.44,40.9,12.0,8,1.24,0.06,76.1,5,159,378,8,40,43,26,226,37,6,37.0,18,21
80,Ange-Yoan Bonny,FW,fr FRA,21.0,Parma,it Serie A,2529,28.1,6,2,7.1,9.4,4,2.8999999999999995,61,19,0.07,0.21,31.1,16.7,30,2.39,0.28,75.2,41,527,898,7,112,163,70,647,23,6,24.7,34,37
81,Angelo Fulgini,"MF,FW",fr FRA,28.0,Lens,fr Ligue 1,1045,11.6,1,0,2.4,2.4,1,3.8,26,9,0.04,0.11,34.6,17.9,28,4.65,0.17,78.1,29,494,801,4,50,113,24,613,9,10,37.5,14,16
83,Ante Budimir,FW,hr CRO,33.0,Osasuna,es La Liga,2952,32.8,21,8,12.3,18.3,4,1.7,91,29,0.14,0.45,31.900000000000002,13.299999999999999,16,1.4,0.43,56.1,23,380,788,6,170,134,44,540,136,10,50.7,20,22
85,Anthony Elanga,"FW,MF",se SWE,23.0,Nott'ham Forest,eng Premier League,2501,27.8,6,0,4.5,4.5,11,5.7,44,24,0.14,0.25,54.5,17.6,50,3.67,0.65,65.3,102,600,1115,3,110,229,43,764,24,12,39.3,19,25
86,Anthony Gordon,"FW,MF",eng ENG,24.0,Newcastle Utd,eng Premier League,2434,27.0,6,1,6.5,8.0,5,5.0,57,16,0.09,0.31,28.1,17.0,51,3.74,0.44,73.3,121,818,1267,5,128,214,38,924,8,25,50.0,32,39
87,Antoine Griezmann,"FW,MF",fr FRA,34.0,Atlético Madrid,es La Liga,2469,27.4,8,1,5.9,7.4,7,7.1,48,17,0.15,0.41,35.4,18.5,48,3.39,0.47,74.8,46,969,1678,4,93,177,20,1255,21,22,47.699999999999996,30,36
88,Antoine Hainaut,"DF,FW",fr FRA,23.0,Parma,it Serie A,1206,13.4,2,0,0.8,0.8,0,1.0,6,3,0.33,0.67,50.0,19.1,9,1.42,0.14999999999999997,75.0,22,322,676,3,14,37,9,349,33,4,67.3,26,41
89,Antoine Joujou,"MF,FW",fr FRA,22.0,Le Havre,fr Ligue 1,943,10.5,0,0,0.6,0.6,2,3.0,11,2,0.0,0.0,18.2,18.4,15,3.53,0.29,64.8,44,249,417,2,39,85,17,253,5,6,21.7,16,25
90,Antoine Semenyo,FW,gh GHA,25.0,Bournemouth,eng Premier League,3203,35.6,11,0,10.0,10.0,5,5.8,125,40,0.09,0.28,32.0,17.0,46,3.7099999999999995,0.37,73.4,140,979,1653,13,191,282,77,1140,66,27,46.5,55,66
92,Antonio Sanabria,FW,py PAR,29.0,Torino,it Serie A,1318,14.6,2,0,2.1,2.9,1,0.5,18,4,0.11,0.5,22.2,15.100000000000001,9,1.44,0.21,78.4,6,227,377,1,34,54,23,301,26,3,31.0,3,4
93,Antoniu,"FW,MF",es ESP,22.0,Espanyol,es La Liga,1022,11.4,0,0,0.8999999999999999,0.8999999999999999,1,1.1,10,4,0.0,0.0,40.0,19.7,7,2.11,0.09,67.0,35,215,369,4,20,63,12,225,6,12,25.0,21,29
94,Antony,FW,br BRA,25.0,Betis,es La Liga,1362,15.1,5,0,2.9,2.9,2,3.5,43,17,0.12000000000000001,0.29,39.5,19.9,36,5.09,0.6,81.0,94,663,982,10,63,157,20,751,5,14,26.3,25,35
95,Anuar,"MF,FW",ma MAR,30.0,Valladolid,es La Liga,1720,19.1,2,0,1.6999999999999997,1.6999999999999997,0,1.2,11,5,0.18,0.4,45.5,12.8,7,1.31,0.21,81.4,24,359,705,5,28,68,14,430,23,13,39.7,38,56
96,Arda Güler,"MF,FW",tr TUR,20.0,Real Madrid,es La Liga,1250,13.9,3,0,3.3,3.3,4,4.5,39,16,0.08,0.19,41.0,20.0,40,5.69,0.7900000000000001,86.1,34,696,1058,11,50,86,9,808,7,13,38.9,30,37
101,Arnaud Kalimuendo,"FW,MF",fr FRA,23.0,Rennes,fr Ligue 1,2578,28.6,17,5,8.9,14.9,3,2.0,68,29,0.18,0.41,42.6,16.7,19,1.71,0.21,78.8,50,521,885,4,126,167,59,684,22,8,27.2,19,23
102,Arnaud Nordin,FW,fr FRA,26.0,Montpellier,fr Ligue 1,1166,13.0,4,1,2.5,4.1,1,0.9000000000000001,26,11,0.12000000000000001,0.27,42.3,18.2,15,2.32,0.23,69.9,51,323,499,2,49,111,14,359,12,10,38.7,24,29
103,Arnaut Danjuma,FW,nl NED,28.0,"Villarreal, Girona",es La Liga,1535,17.0,4,0,3.2376470588235295,3.2376470588235295,0,1.48,36,17,0.11333333333333334,0.23352941176470593,47.25,15.649999999999999,23,2.467058823529412,0.0,72.90943396226415,95,419,636,3,89,202,11,477,3,6,50.0,10,12
106,Artem Dovbyk,FW,ua UKR,27.0,Roma,it Serie A,2418,26.9,12,2,10.3,11.9,2,2.3999999999999995,61,25,0.16,0.4,41.0,13.7,25,1.94,0.22000000000000003,74.1,24,355,654,3,145,175,33,504,42,4,41.2,4,6
107,Arthur Atta,"MF,FW",fr FRA,22.0,Udinese,it Serie A,1251,13.9,0,0,1.3,1.3,1,1.4000000000000001,26,7,0.0,0.0,26.9,20.6,18,3.31,0.14,80.4,31,515,812,1,39,77,22,593,14,5,41.2,20,27
110,Assane Diao,FW,sn SEN,19.0,"Como, Betis","it Serie A, es La Liga",1529,17.0,9,0,3.416470588235294,3.416470588235294,3,0.6005882352941176,35,14,0.26,0.6471428571428571,39.98,15.28,16,2.239117647058823,0.35564705882352937,78.33534883720931,59,439,645,7,77,143,40,477,24,21,39.251111111111115,30,33
116,Ayoze Pérez,FW,es ESP,31.0,Villarreal,es La Liga,1970,21.9,19,0,12.699999999999998,12.699999999999998,2,2.9999999999999996,75,31,0.25,0.61,41.3,14.2,32,3.26,0.23,75.8,59,429,705,4,136,124,34,514,13,18,28.9,27,35
117,Badredine Bouanani,"MF,FW",dz ALG,20.0,Nice,fr Ligue 1,1099,12.2,3,1,1.8999999999999997,2.7,3,2.4,30,14,0.07,0.14,46.7,20.3,20,3.85,0.74,76.7,47,362,571,3,43,93,18,425,2,12,11.1,11,22
122,Ben Johnson,"DF,FW",eng ENG,25.0,Ipswich Town,eng Premier League,1354,15.0,1,0,1.1,1.1,2,1.3,7,3,0.14,0.33,42.9,12.6,12,1.6,0.33,71.6,16,259,626,3,12,33,17,292,19,21,51.4,38,51
125,Benedict Hollerbach,"FW,MF",de GER,24.0,Union Berlin,de Bundesliga,2540,28.2,9,0,7.0,7.0,1,1.6000000000000003,76,24,0.12,0.38000000000000006,31.599999999999998,16.1,26,2.8,0.25,65.4,103,710,1112,12,138,214,94,781,29,30,30.9,43,45
128,Benjamin Šeško,"FW,MF",si SVN,21.0,RB Leipzig,de Bundesliga,2380,26.4,13,2,8.4,10.0,5,2.1,66,29,0.17,0.38,43.9,17.5,19,1.93,0.34,67.6,47,444,901,3,91,141,55,692,70,8,58.8,7,12
129,Benjamín Domínguez,FW,ar ARG,21.0,Bologna,it Serie A,1281,14.2,3,0,2.2,2.2,2,0.8,30,17,0.1,0.18,56.7,19.2,10,2.88,0.49,78.2,50,396,555,5,55,123,33,420,2,14,8.7,18,22
131,Bernardo Silva,"MF,FW",pt POR,30.0,Manchester City,eng Premier League,2670,29.7,4,0,3.9,3.9,4,5.1,32,11,0.13,0.36,34.4,12.4,53,3.1000000000000005,0.27,86.8,101,1288,2054,9,141,200,34,1518,5,31,33.3,56,79
132,Bertuğ Yıldırım,FW,tr TUR,22.0,Getafe,es La Liga,1083,12.0,1,0,2.5,2.5,0,1.2,19,7,0.05,0.14,36.8,11.4,9,1.75,0.08,54.29999999999999,8,133,323,3,46,48,15,209,73,5,53.7,10,11
133,Beto,FW,gw GNB,27.0,Everton,eng Premier League,1534,17.0,8,0,8.2,8.2,0,1.2,49,23,0.16,0.35,46.9,13.1,12,1.52,0.06,58.2,15,267,520,4,86,77,37,378,99,3,48.5,14,18
134,Bilal El Khannouss,"MF,FW",ma MAR,21.0,Leicester City,eng Premier League,2182,24.2,2,0,1.3,1.3,3,4.6,30,7,0.07,0.29,23.3,22.0,42,3.22,0.29,75.1,73,732,1268,5,35,89,38,851,19,15,44.2,50,56
137,Borja Iglesias,FW,es ESP,32.0,Celta Vigo,es La Liga,1952,21.7,11,0,9.3,9.3,3,3.2,46,28,0.24,0.39,60.9,13.4,18,1.66,0.32,70.8,22,396,685,3,83,108,32,514,14,11,34.1,10,17
138,Borja Mayoral,FW,es ESP,28.0,Getafe,es La Liga,1114,12.4,5,1,2.6,3.3999999999999995,1,0.9,19,8,0.21,0.5,42.1,13.9,8,1.54,0.16,77.6,10,209,366,1,40,43,20,251,17,6,29.3,5,7
139,Boulaye Dia,"MF,FW",sn SEN,28.0,Lazio,it Serie A,2177,24.2,9,0,7.2,7.2,3,4.2,39,19,0.23,0.47,48.7,13.3,26,2.27,0.33,83.6,23,451,802,5,94,114,34,617,21,9,27.3,22,28
140,Bradley Barcola,FW,fr FRA,22.0,Paris S-G,fr Ligue 1,2181,24.2,14,0,13.399999999999999,13.399999999999999,10,10.1,74,38,0.19,0.37,51.4,13.2,50,4.17,0.83,81.7,137,855,1278,9,214,374,20,1019,14,23,66.7,27,46
141,Brahim Díaz,"FW,MF",ma MAR,25.0,Real Madrid,es La Liga,1385,15.4,4,0,5.3,5.3,2,3.3,28,15,0.14,0.2700000000000001,53.6,12.6,23,3.64,0.78,86.8,39,541,833,3,66,110,27,669,3,12,17.6,25,29
143,Breel Embolo,"FW,MF",ch SUI,28.0,Monaco,fr Ligue 1,1841,20.5,6,0,10.8,10.8,4,5.6,51,18,0.12,0.33,35.3,10.8,32,2.64,0.49,69.2,22,397,668,8,121,140,53,499,30,11,50.0,22,25
144,Brennan Johnson,FW,wls WAL,24.0,Tottenham,eng Premier League,2177,24.2,11,0,10.4,10.4,3,2.3,54,20,0.2,0.55,37.0,11.4,19,1.9,0.29,70.4,60,544,853,10,125,197,17,626,7,18,25.9,39,43
147,Bryan Gil,"FW,MF",es ESP,24.0,Girona,es La Liga,1721,19.1,3,0,2.3,2.3,3,2.9,32,15,0.09,0.2,46.9,19.0,21,2.93,0.26,81.8,76,715,1019,9,82,210,39,795,0,16,0.0,34,44
148,Bryan Mbeumo,FW,cm CMR,25.0,Brentford,eng Premier League,3414,37.9,20,5,7.5,12.3,7,8.3,79,34,0.19,0.44,43.0,17.9,70,3.8,0.53,66.1,130,1077,1781,16,168,351,47,1204,34,14,31.5,49,63
149,Bryan Zaragoza,"FW,MF",es ESP,24.0,Osasuna,es La Liga,1836,20.4,1,0,2.7,2.7,6,3.2,42,13,0.02,0.08,31.0,20.2,36,3.49,0.44,64.6,105,544,782,1,84,140,15,585,2,15,16.7,13,17
150,Budu Zivzivadze,FW,ge GEO,31.0,Heidenheim,de Bundesliga,958,10.6,2,0,1.7,1.7,3,1.5,22,9,0.09,0.22,40.9,14.3,12,2.45,0.37999999999999995,69.3,11,185,332,7,37,43,16,219,23,4,26.7,17,20
151,Bukayo Saka,"FW,MF",eng ENG,23.0,Arsenal,eng Premier League,1729,19.2,6,1,6.0,6.800000000000001,10,7.6,66,22,0.08,0.23,33.3,15.599999999999998,58,6.09,1.2,75.5,96,628,979,9,162,255,40,711,10,11,33.3,29,32
153,Callum Hudson-Odoi,"FW,MF",eng ENG,24.0,Nott'ham Forest,eng Premier League,2194,24.4,5,0,2.5,2.5,2,2.7,37,17,0.14,0.29,45.9,18.3,44,3.8600000000000003,0.45000000000000007,82.0,130,641,1035,6,74,189,23,784,3,6,23.1,22,35
155,Cameron Archer,FW,eng ENG,23.0,Southampton,eng Premier League,1441,16.0,2,0,4.9,5.7,0,0.5,28,10,0.07,0.2,35.7,12.8,5,1.25,0.0,81.7,22,226,398,2,52,66,26,274,9,7,23.1,13,15
157,Carles Aleñá,"MF,FW",es ESP,27.0,"Getafe, Alavés",es La Liga,1542,17.1,0,0,0.7584795321637425,0.7584795321637425,2,0.9491228070175438,20,5,0.0,0.0,25.025,18.275,22,3.043508771929824,0.23350877192982453,76.83598937583001,21,418,753,7,32,53,20,507,19,19,56.300000000000004,25,27
158,Carles Pérez,"MF,FW",es ESP,27.0,Getafe,es La Liga,1431,15.9,3,0,2.4,2.4,0,1.5,34,9,0.09,0.33,26.5,21.1,17,2.52,0.06,67.3,31,298,551,8,44,77,20,327,13,27,32.5,33,39
161,Carlos Martín,"FW,MF",es ESP,23.0,Alavés,es La Liga,1333,14.8,2,0,2.3,2.3,2,2.7000000000000006,26,12,0.08,0.17,46.2,17.0,13,1.9599999999999997,0.2,65.3,13,305,612,9,40,67,19,375,15,36,44.1,43,48
162,Carlos Soler,"MF,FW",es ESP,28.0,West Ham,eng Premier League,1408,15.6,1,0,1.7999999999999998,1.7999999999999998,1,1.4000000000000001,25,8,0.04,0.13,32.0,19.0,18,3.26,0.13,85.2,17,367,794,1,26,37,14,539,10,16,45.5,16,24
163,Carlos Vicente,"FW,MF",es ESP,26.0,Alavés,es La Liga,3092,34.4,5,1,2.7,3.5,5,5.4,35,13,0.11,0.31,37.1,18.2,63,3.11,0.26,63.20000000000001,104,781,1551,10,86,226,49,898,34,39,36.2,47,61
165,Casper Tengstedt,FW,dk DEN,24.0,Hellas Verona,it Serie A,1517,16.9,6,1,4.5,5.3,1,0.9,37,10,0.14,0.5,27.0,14.2,12,1.42,0.18,67.4,29,238,458,2,58,85,6,303,20,5,24.7,7,11
166,Charles De Ketelaere,"MF,FW",be BEL,24.0,Atalanta,it Serie A,2070,23.0,7,0,7.3,7.3,7,6.0,48,20,0.15,0.35,41.7,12.199999999999998,39,3.83,0.61,75.8,108,831,1238,2,135,211,50,1008,36,11,48.60000000000001,13,16
167,Che Adams,FW,sct SCO,28.0,Torino,it Serie A,2652,29.5,9,0,8.2,9.0,3,2.0,63,25,0.14,0.36,39.7,15.7,26,2.14,0.17,74.3,23,509,802,6,104,153,34,630,36,6,36.7,12,14
168,Chidera Ejuke,FW,ng NGA,27.0,Sevilla,es La Liga,966,10.7,2,0,1.1,1.1,1,1.9,20,8,0.1,0.25,40.0,18.3,21,4.19,0.19,81.6,75,416,612,2,43,101,22,443,4,11,30.8,19,24
172,Chris Führich,"MF,FW",de GER,27.0,Stuttgart,de Bundesliga,1981,22.0,2,0,2.9,2.9,3,3.7,36,12,0.060000000000000005,0.17,33.3,17.3,32,3.86,0.36,80.5,114,782,1220,5,115,202,26,905,5,14,38.5,15,21
173,Chris Wood,FW,nz NZL,33.0,Nott'ham Forest,eng Premier League,2959,32.9,20,3,11.0,13.4,3,2.6,65,32,0.26,0.53,49.2,13.5,22,1.34,0.15,64.3,14,376,770,2,105,94,28,563,94,8,39.7,6,11
174,Christantus Uche,"FW,MF",ng NGA,22.0,Getafe,es La Liga,2486,27.6,4,0,3.8,3.8,6,2.9,50,14,0.08,0.29,28.0,17.1,29,2.82,0.36,65.4,43,553,971,8,105,148,67,726,91,11,42.3,35,45
176,Christian Kouamé,"FW,MF",ci CIV,27.0,"Fiorentina, Empoli",it Serie A,1129,12.5,1,0,1.8168,1.8168,1,1.1416000000000002,27,6,0.035555555555555556,0.16666666666666666,22.255555555555556,14.3,17,3.5887199999999995,0.0,65.74671968190854,12,265,503,7,57,85,20,376,77,5,64.24146341463415,18,20
177,Christian Pulisic,"FW,MF",us USA,26.0,Milan,it Serie A,2478,27.5,11,3,8.9,12.0,9,6.4,53,20,0.15,0.4,37.7,16.7,69,4.54,0.51,76.5,121,859,1367,12,128,191,40,985,11,22,20.8,43,48
178,Christopher Nkunku,FW,fr FRA,27.0,Chelsea,eng Premier League,921,10.2,3,0,4.8,4.8,2,2.1,25,11,0.12,0.27,44.0,12.6,14,3.32,0.39,89.5,17,280,448,5,52,68,17,356,16,2,42.1,12,19
179,Christopher Operi,"DF,FW",ci CIV,28.0,Le Havre,fr Ligue 1,1169,13.0,0,0,0.3,0.3,2,2.2,7,1,0.0,0.0,14.3,22.0,24,2.77,0.23,71.4,28,418,878,5,12,65,11,501,11,5,64.7,13,27
182,Coba da Costa,"MF,FW",es ESP,22.0,Getafe,es La Liga,1006,11.2,1,0,1.1,1.1,1,1.4,23,8,0.04,0.13,34.8,18.3,9,3.3099999999999996,0.36000000000000004,64.4,46,261,504,4,47,83,23,294,19,13,50.0,29,37
183,Cody Gakpo,FW,nl NED,26.0,Liverpool,eng Premier League,1935,21.5,10,0,7.1000000000000005,7.1000000000000005,4,4.4,57,22,0.18,0.45,38.6,15.1,38,3.72,0.37,75.7,59,605,888,9,110,278,24,677,17,12,39.5,28,40
185,Cole Palmer,"MF,FW",eng ENG,23.0,Chelsea,eng Premier League,3191,35.5,15,4,13.3,17.3,8,10.9,121,44,0.09,0.25,36.4,20.4,87,5.7,0.42,77.0,120,1173,1851,12,144,187,37,1366,2,15,22.2,34,45
188,Cristhian Stuani,FW,uy URU,38.0,Girona,es La Liga,1078,12.0,11,3,5.8,8.1,2,0.6,31,16,0.26,0.5,51.6,12.7,6,1.17,0.25,69.5,2,96,256,1,55,36,7,156,22,3,56.4,9,16
190,Cucho,FW,co COL,26.0,Betis,es La Liga,1139,12.7,5,0,3.8000000000000003,3.8000000000000003,1,1.4999999999999998,43,11,0.12000000000000001,0.45,25.599999999999998,15.9,14,3.64,0.63,71.9,27,250,467,8,61,82,14,318,29,5,45.3,15,22
191,Cyle Larin,FW,ca CAN,30.0,Mallorca,es La Liga,1764,19.6,7,1,6.1,6.9,2,1.4,38,14,0.16,0.43,36.8,11.7,8,1.07,0.15,67.5,20,316,561,5,72,95,58,429,66,6,43.4,12,13
194,Dailon Livramento,"FW,MF",cv CPV,24.0,Hellas Verona,it Serie A,940,10.4,1,0,1.8000000000000003,1.8000000000000003,1,0.9000000000000001,13,4,0.08,0.25,30.800000000000004,12.0,8,1.82,0.38,53.9,23,162,307,6,39,68,12,203,32,6,38.6,15,18
196,Dan Ndoye,FW,ch SUI,24.0,Bologna,it Serie A,2143,23.8,8,2,5.4,6.999999999999999,4,3.8,50,17,0.12,0.35,34.0,17.5,27,3.7,0.38,73.7,132,755,1021,10,105,231,46,825,14,12,40.0,26,35
198,Danel Sinani,"FW,MF",lu LUX,28.0,St. Pauli,de Bundesliga,1250,13.9,2,0,1.7,1.7,2,3.0,35,12,0.060000000000000005,0.17,34.3,21.5,24,4.32,0.29,71.4,16,297,693,5,30,64,16,433,10,8,23.8,14,15
199,Dango Ouattara,FW,bf BFA,23.0,Bournemouth,eng Premier League,2005,22.3,7,0,8.4,8.4,4,5.5,62,20,0.11,0.35,32.3,13.5,35,3.2299999999999995,0.27,60.0,79,492,959,10,128,191,32,577,45,24,41.7,35,46
201,Dani Olmo,"MF,FW",es ESP,27.0,Barcelona,es La Liga,1212,13.5,10,2,4.9,6.5,3,3.0,40,15,0.2,0.53,37.5,18.1,26,4.9,0.89,81.1,33,505,796,3,77,96,26,661,9,10,50.0,16,19
202,Dani Raba,"FW,MF",es ESP,29.0,Leganés,es La Liga,1879,20.9,8,4,3.6,7.500000000000001,6,5.3,39,12,0.1,0.33,30.8,25.5,47,5.12,0.67,67.1,42,523,930,5,43,101,40,572,5,25,25.0,37,51
203,Dani Rodríguez,"MF,FW",es ESP,36.0,Mallorca,es La Liga,2162,24.0,4,0,2.7999999999999994,2.7999999999999994,7,3.1,31,10,0.13,0.4,32.3,17.9,33,2.58,0.5,69.7,37,512,971,10,54,108,46,611,27,13,42.2,49,61
204,Dani de Wit,"MF,FW",nl NED,27.0,Bochum,de Bundesliga,1153,12.8,2,0,2.1,2.1,1,0.5,20,7,0.1,0.29,35.0,11.7,10,1.72,0.16,72.0,5,244,558,3,37,37,3,311,41,13,46.1,29,41
207,Daniel Maldini,"FW,MF",it ITA,23.0,"Monza, Atalanta",it Serie A,1564,17.4,6,0,4.316666666666667,4.316666666666667,0,0.7833333333333334,49,18,0.12489795918367347,0.3327777777777778,36.70816326530612,18.84285714285714,15,2.8150000000000004,0.34166666666666673,67.25580110497238,53,483,724,1,65,96,36,539,30,8,48.83157894736842,16,22
208,Daniel Mosquera,FW,co COL,25.0,Hellas Verona,it Serie A,1375,15.3,5,0,6.6,6.6,1,1.3,57,15,0.09,0.33,26.3,13.5,12,2.82,0.2,68.7,17,250,509,3,74,83,17,352,79,14,47.0,11,13
215,Danny Welbeck,FW,eng ENG,34.0,Brighton,eng Premier League,2115,23.5,10,1,8.8,9.6,4,1.4,59,23,0.15,0.39,39.0,15.3,23,2.26,0.34,84.9,21,448,726,5,102,95,28,547,17,12,34.7,26,31
216,Dany Mota,"FW,MF",pt POR,27.0,Monza,it Serie A,2104,23.4,5,0,5.1,5.1,2,1.8,42,11,0.12,0.45,26.199999999999996,13.099999999999998,22,2.35,0.13,72.4,53,501,820,8,80,139,29,605,60,4,45.8,13,22
218,Darwin Núñez,FW,uy URU,25.0,Liverpool,eng Premier League,1133,12.6,5,0,5.8,5.8,2,1.3,34,13,0.15,0.38,38.2,14.3,11,2.46,0.32,70.9,23,201,366,6,74,78,21,248,20,11,37.7,21,25
220,David Brooks,"FW,MF",wls WAL,27.0,Bournemouth,eng Premier League,960,10.7,2,0,2.5,2.5,0,1.9,25,12,0.08,0.17,48.0,16.3,20,4.31,0.19,75.4,35,342,545,4,39,83,14,375,7,14,41.2,14,19
223,David Neres,FW,br BRA,28.0,Napoli,it Serie A,1283,14.3,2,0,2.7,2.7,4,3.5,29,7,0.07,0.29,24.1,18.1,26,4.14,0.63,75.7,73,443,724,7,60,143,23,513,3,5,23.1,21,28
225,Dejan Kulusevski,"MF,FW",se SWE,25.0,Tottenham,eng Premier League,2389,26.5,7,0,4.2,4.2,4,6.2,47,17,0.15,0.41,36.2,14.7,65,4.82,0.33999999999999997,73.7,120,823,1276,15,158,210,74,895,10,32,40.0,45,58
226,Deniz Undav,"FW,MF",de GER,28.0,Stuttgart,de Bundesliga,1726,19.2,9,0,11.7,11.7,3,3.6000000000000005,75,31,0.12,0.29,41.3,13.9,26,3.02,0.42000000000000004,73.2,31,469,797,6,118,141,28,624,21,16,40.4,11,14
228,Dennis Man,"FW,MF",ro ROU,26.0,Parma,it Serie A,1995,22.2,4,0,5.5,5.5,4,4.2,49,20,0.08,0.2,40.8,17.1,45,3.61,0.32,79.6,67,665,1027,3,87,142,31,741,9,18,34.6,13,21
229,Denzel Dumfries,"DF,FW",nl NED,29.0,Inter,it Serie A,1955,21.7,7,0,5.4,5.4,2,3.2,36,19,0.19,0.37,52.8,10.5,21,2.53,0.18,72.6,55,534,1047,4,95,173,14,665,57,13,76.0,25,31
230,Derrick Köhn,"DF,FW",de GER,26.0,Werder Bremen,de Bundesliga,1343,14.9,2,0,0.7,0.7,2,1.6,13,4,0.15,0.5,30.800000000000004,15.7,16,2.55,0.27,79.3,36,549,908,3,31,122,12,587,8,4,38.1,20,30
231,Diego,FW,es ESP,25.0,Leganés,es La Liga,1195,13.3,3,0,3.8,3.8,0,0.2,29,9,0.1,0.33,31.0,14.1,6,0.9,0.08,63.0,9,192,322,1,44,49,12,246,43,6,34.1,1,3
233,Diego López,"MF,FW",es ESP,23.0,Valencia,es La Liga,2737,30.4,8,0,6.6,6.6,5,5.0,44,14,0.18,0.57,31.8,15.1,38,2.27,0.3,72.1,76,715,1257,4,100,219,27,881,14,31,20.3,31,47
236,Diogo Jota,FW,pt POR,28.0,Liverpool,eng Premier League,1195,13.3,6,0,7.9,7.9,3,1.8,51,13,0.12,0.46,25.5,12.4,11,2.7899999999999996,0.68,69.7,37,263,485,4,97,88,22,333,22,12,40.7,14,22
239,Dodi Lukebakio,FW,be BEL,27.0,Sevilla,es La Liga,3092,34.4,11,1,9.3,10.1,2,4.5,93,38,0.11,0.26,40.9,19.2,54,3.46,0.26,74.1,131,890,1494,6,145,247,57,1111,18,12,46.2,22,33
240,Domingos André Ribeiro Almeida,"MF,FW",pt POR,24.0,Valencia,es La Liga,1977,22.0,0,0,1.2,1.2,4,3.2,18,5,0.0,0.0,27.8,24.1,43,3.92,0.27,84.3,45,676,1162,9,43,77,38,836,5,25,25.0,48,56
241,Dominic Calvert-Lewin,FW,eng ENG,28.0,Everton,eng Premier League,1608,17.9,3,0,6.7,6.7,1,0.6,50,19,0.06,0.16,38.0,12.3,7,1.46,0.22,62.6,23,280,520,4,88,112,33,417,85,4,51.2,9,16
242,Dominic Solanke,FW,eng ENG,27.0,Tottenham,eng Premier League,2201,24.5,9,1,10.1,10.9,3,2.9,59,24,0.14,0.33,40.7,12.4,14,1.5099999999999998,0.33,70.6,31,385,655,5,112,88,51,459,46,12,43.4,18,19
243,Donyell Malen,FW,nl NED,26.0,"Aston Villa, Dortmund","eng Premier League, de Bundesliga",919,10.2,6,0,2.666666666666667,2.666666666666667,0,0.2,34,15,0.1776470588235294,0.398,44.129411764705885,14.641176470588235,4,1.76,0.29333333333333333,70.71253071253071,35,266,407,1,71,105,16,301,5,5,42.5,7,10
247,Dušan Vlahović,FW,rs SRB,25.0,Juventus,it Serie A,1784,19.8,10,4,9.2,12.3,4,1.3,73,25,0.08,0.24,34.2,15.9,15,2.07,0.4,69.1,27,308,564,3,125,117,28,431,39,4,48.1,4,5
248,Dwight McNeil,"MF,FW",eng ENG,25.0,Everton,eng Premier League,1371,15.2,4,0,1.0999999999999999,1.0999999999999999,6,5.199999999999999,25,10,0.16,0.4,40.0,21.9,37,4.73,0.66,74.5,38,443,748,2,25,80,33,510,3,12,15.0,13,19
249,Désiré Doué,"FW,MF",fr FRA,19.0,Paris S-G,fr Ligue 1,1730,19.2,6,0,5.1,5.1,6,7.8,55,20,0.11,0.3,36.4,17.9,55,5.66,1.25,82.3,97,899,1461,14,123,232,37,1164,8,27,44.4,48,61
250,Eberechi Eze,"MF,FW",eng ENG,26.0,Crystal Palace,eng Premier League,2588,28.8,8,1,8.9,10.4,8,6.2,100,27,0.07,0.26,27.0,21.6,58,4.69,0.35,74.2,68,840,1415,9,95,153,45,907,7,19,15.900000000000002,39,50
251,Eddie Nketiah,"FW,MF",eng ENG,25.0,Crystal Palace,eng Premier League,1034,11.5,3,0,5.7,5.7,1,1.7,43,16,0.07,0.19,37.2,13.799999999999999,13,2.69,0.26,74.6,41,246,412,4,67,78,17,294,21,6,35.6,15,18
254,Edon Zhegrova,"FW,MF",xk KVX,26.0,Lille,fr Ligue 1,978,10.9,4,0,2.3,2.3,1,2.2,23,9,0.17,0.44,39.1,22.2,16,3.4999999999999996,0.28,76.0,37,360,524,2,35,81,29,396,3,5,60.0,5,9
256,Eldor Shomurodov,"FW,MF",uz UZB,29.0,Roma,it Serie A,1097,12.2,4,0,4.7,4.7,4,1.3,29,13,0.14,0.31,44.8,11.9,17,2.62,0.57,75.2,19,246,446,5,52,62,19,333,26,3,40.6,14,17
257,Elias Saad,"FW,MF",tn TUN,25.0,St. Pauli,de Bundesliga,900,10.0,3,0,2.8,2.8,2,0.8,26,8,0.12000000000000001,0.38,30.800000000000004,17.6,14,3.5,0.4,76.2,29,301,427,5,44,76,36,319,8,10,26.7,20,23
258,Eliesse Ben Seghir,"MF,FW",ma MAR,20.0,Monaco,fr Ligue 1,1750,19.4,6,2,4.1,5.5,3,5.2,58,19,0.07,0.21,32.8,20.9,33,3.9600000000000004,0.36,79.3,85,843,1244,7,63,170,35,988,13,14,37.1,31,44
259,Elif Elmas,"FW,MF",mk MKD,25.0,Torino,it Serie A,1021,11.3,4,0,1.4,1.4,0,0.4,19,9,0.21,0.44,47.4,19.3,9,2.56,0.26,80.40000000000002,42,303,444,2,38,58,10,324,2,6,40.0,10,16
262,Emanuel Emegha,FW,nl NED,22.0,Strasbourg,fr Ligue 1,2293,25.5,14,0,17.0,17.0,3,2.4,61,35,0.23,0.4,57.4,12.5,18,1.26,0.16,80.3,37,341,577,3,99,104,30,423,26,4,40.0,6,7
265,Emmanuel Gyasi,"DF,FW",gh GHA,31.0,Empoli,it Serie A,3217,35.7,2,0,3.9000000000000004,3.9000000000000004,1,0.7,22,8,0.09,0.25,36.4,11.4,17,1.12,0.14,77.1,22,570,1390,6,51,108,24,676,43,14,38.7,52,63
271,Enzo Millot,"MF,FW",fr FRA,22.0,Stuttgart,de Bundesliga,1843,20.5,6,0,6.699999999999999,7.599999999999999,5,3.1,43,17,0.14,0.35,39.5,16.6,23,3.22,0.49,84.8,44,848,1397,5,75,123,36,1067,8,23,29.6,30,43
273,Eren Dinkçi,"MF,FW",de GER,23.0,Freiburg,de Bundesliga,1196,13.3,0,0,1.1,1.1,3,2.2,14,3,0.0,0.0,21.4,19.0,23,3.23,0.38,75.4,33,269,552,5,36,71,12,347,6,16,30.0,21,28
276,Erling Haaland,FW,no NOR,24.0,Manchester City,eng Premier League,2736,30.4,22,3,18.8,22.0,3,2.9999999999999996,104,55,0.18,0.35,52.89999999999999,12.3,29,2.34,0.3,66.9,24,310,639,5,190,124,27,478,57,5,53.3,11,16
277,Ermedin Demirović,FW,ba BIH,27.0,Stuttgart,de Bundesliga,1855,20.6,15,0,12.4,14.100000000000001,1,1.9,64,27,0.23,0.56,42.2,11.3,18,2.28,0.34,70.3,20,305,582,5,126,115,27,437,34,9,42.0,12,15
278,Ernest Nuamah,"FW,MF",gh GHA,21.0,Lyon,fr Ligue 1,1052,11.7,3,0,2.2,2.2,1,1.4999999999999998,28,13,0.11,0.23,46.4,17.3,18,2.9899999999999998,0.17,79.9,44,388,597,2,51,131,22,431,13,15,48.1,21,29
280,Esteban Lepaul,FW,fr FRA,25.0,Angers,fr Ligue 1,1629,18.1,9,0,5.1,5.1,0,0.8,41,17,0.22,0.53,41.5,13.199999999999998,7,1.22,0.06,67.1,26,246,504,3,60,68,13,348,35,12,42.7,11,15
285,Evanilson,FW,br BRA,25.0,Bournemouth,eng Premier League,2319,25.8,10,0,11.700000000000001,12.5,1,1.8999999999999997,72,31,0.14,0.32,43.1,12.8,26,2.37,0.31,71.3,29,333,558,5,127,99,24,400,42,4,40.4,16,17
286,Evann Guessand,"FW,MF",ci CIV,23.0,Nice,fr Ligue 1,2565,28.5,12,0,9.2,9.2,8,5.4,63,27,0.19,0.44,42.9,12.7,32,3.1899999999999995,0.6,73.3,87,581,926,17,134,162,71,687,26,8,41.9,44,59
291,Fabio Miretti,"MF,FW",it ITA,21.0,Genoa,it Serie A,1677,18.6,3,0,3.1,3.1,3,2.0,24,6,0.13,0.5,25.0,17.4,22,2.84,0.32,74.4,33,461,847,8,56,100,36,549,11,15,32.4,28,35
292,Facundo Buonanotte,"FW,MF",ar ARG,20.0,Leicester City,eng Premier League,1523,16.9,5,0,3.9,3.9,2,3.1,36,12,0.14,0.42,33.3,17.6,24,3.01,0.3,76.4,39,479,874,14,39,74,39,528,18,46,33.3,53,65
293,Fares Chaïbi,"MF,FW",dz ALG,22.0,Eint Frankfurt,de Bundesliga,1013,11.3,1,0,2.6,2.6,3,2.9,25,6,0.04,0.17,24.0,18.4,24,4.43,0.62,65.8,20,288,588,4,34,73,7,361,16,13,43.2,13,23
294,Farid El Melali,FW,dz ALG,28.0,Angers,fr Ligue 1,1893,21.0,2,0,3.6000000000000005,3.6000000000000005,3,3.1000000000000005,46,14,0.04,0.14,30.4,21.9,25,3.18,0.52,69.9,62,472,842,7,70,113,40,517,6,22,22.2,28,44
299,Federico Dimarco,"DF,FW",it ITA,27.0,Inter,it Serie A,2177,24.2,4,0,3.3000000000000003,3.3000000000000003,7,6.099999999999999,56,21,0.07,0.19,37.5,20.1,48,4.0,0.58,76.3,47,789,1475,3,90,232,10,1007,7,9,35.0,25,39
301,Fermin López,"MF,FW",es ESP,22.0,Barcelona,es La Liga,1252,13.9,6,0,5.6000000000000005,5.6000000000000005,5,3.9,41,15,0.15,0.4,36.6,18.0,29,4.1,0.5,81.90000000000002,31,491,858,7,59,108,16,649,9,25,33.3,19,24
302,Ferrán Torres,"FW,MF",es ESP,25.0,Barcelona,es La Liga,1106,12.3,10,0,8.0,8.0,6,3.1,48,22,0.21,0.45,45.79999999999999,14.6,19,3.09,0.57,74.2,23,291,498,3,81,98,13,397,5,5,35.7,8,12
304,Fisayo Dele-Bashiru,"MF,FW",ng NGA,24.0,Lazio,it Serie A,947,10.5,3,0,1.1,1.1,1,0.8,16,5,0.19,0.6,31.3,20.9,10,2.28,0.09,87.70000000000002,23,257,436,4,29,57,17,335,3,4,18.8,10,14
308,Florian Sotoca,"FW,MF",fr FRA,34.0,Lens,fr Ligue 1,1794,19.9,1,0,4.6,4.6,1,1.5,47,18,0.02,0.060000000000000005,38.3,14.7,18,2.66,0.15,73.5,44,679,1186,11,89,170,22,932,43,10,62.29999999999999,22,36
309,Florian Thauvin,"FW,MF",fr FRA,32.0,Udinese,it Serie A,1956,21.7,8,1,5.7,8.1,3,3.8,51,23,0.14,0.3,45.1,18.5,39,4.28,0.4099999999999999,66.4,92,682,1062,3,82,148,38,790,5,15,33.3,20,27
310,Florian Wirtz,"MF,FW",de GER,22.0,Leverkusen,de Bundesliga,2351,26.1,10,2,6.1,9.4,12,7.0,74,35,0.11000000000000001,0.23,47.3,19.7,57,5.659999999999999,0.99,78.3,131,1217,2096,10,137,309,47,1638,9,13,20.0,32,42
315,Francisco Conceição,"FW,MF",pt POR,22.0,Juventus,it Serie A,1340,14.9,3,0,2.3,2.3,3,4.3,40,13,0.08,0.23,32.5,18.1,28,4.3,0.6,78.3,95,548,739,8,92,143,22,581,2,17,18.2,23,29
317,Franck Honorat,FW,fr FRA,28.0,Gladbach,de Bundesliga,1439,16.0,4,0,4.5,4.5,7,5.3,31,9,0.13,0.44,29.0,15.2,50,5.19,0.5,67.5,63,373,762,3,60,124,12,456,9,6,42.9,17,22
319,Frank Magri,"FW,MF",cm CMR,25.0,Toulouse,fr Ligue 1,1516,16.8,5,0,6.0,6.0,1,1.5,44,18,0.11,0.28,40.9,12.4,9,1.72,0.18,70.9,17,244,420,1,70,80,31,316,40,5,32.8,8,12
320,Fábio Silva,FW,pt POR,22.0,Las Palmas,es La Liga,1866,20.7,10,2,6.3999999999999995,8.8,3,2.0,46,20,0.17,0.4,43.5,14.8,16,2.08,0.24000000000000002,66.3,30,330,706,3,101,119,30,491,51,10,49.5,12,16
321,Félix Lemaréchal,"MF,FW",fr FRA,21.0,Strasbourg,fr Ligue 1,1779,19.8,4,0,3.4999999999999996,3.4999999999999996,3,2.9,25,9,0.16,0.44,36.0,14.4,29,2.83,0.3,79.4,35,466,935,5,56,90,22,627,14,15,35.9,35,49
325,Gabriel Martinelli,"FW,MF",br BRA,23.0,Arsenal,eng Premier League,2291,25.5,8,0,7.4,7.4,4,5.0,55,24,0.15,0.33,43.6,12.9,40,2.91,0.27,71.4,124,670,994,8,182,289,38,752,17,16,30.4,23,28
327,Gabriel Strefezza,"FW,MF",br BRA,28.0,Como,it Serie A,2619,29.1,6,0,3.7,3.7,4,3.9,58,21,0.1,0.29,36.2,20.5,57,3.82,0.14,75.6,80,1033,1483,17,93,190,53,1110,10,34,29.4,57,70
329,Gaetano Oristanio,"FW,MF",it ITA,22.0,Venezia,it Serie A,2315,25.7,3,0,4.1,4.1,3,2.6000000000000005,44,12,0.07,0.25,27.3,17.1,33,2.68,0.27,69.3,72,543,758,4,88,131,72,569,14,8,26.9,17,23
330,Gavi,"MF,FW",es ESP,20.0,Barcelona,es La Liga,1085,12.1,1,0,0.9,0.9,1,1.6,11,1,0.09,1.0,9.1,15.3,14,3.24,0.33,90.0,13,557,943,5,34,42,9,713,21,11,44.7,30,40
331,Gaëtan Laborde,FW,fr FRA,31.0,Nice,fr Ligue 1,1829,20.3,11,4,8.6,11.7,4,3.4999999999999996,70,20,0.1,0.35,28.6,14.6,27,3.1,0.34,69.6,30,362,730,2,127,131,18,494,48,13,50.5,19,25
332,Gaëtan Perrin,"MF,FW",fr FRA,28.0,Auxerre,fr Ligue 1,2691,29.9,10,0,6.1,6.1,11,7.8,59,26,0.17,0.38,44.1,19.2,73,4.18,0.6,70.6,83,798,1327,15,98,125,63,888,3,27,18.8,49,61
335,Georges Mikautadze,FW,ge GEO,24.0,Lyon,fr Ligue 1,1449,16.1,11,3,7.0,10.3,6,4.3,52,22,0.15,0.36,42.3,14.099999999999998,21,3.05,0.75,76.5,37,402,653,3,119,140,20,510,15,6,27.300000000000004,7,11
336,Georginio Rutter,"MF,FW",fr FRA,23.0,Brighton,eng Premier League,1656,18.4,5,0,4.6,4.6,3,2.5,50,12,0.1,0.42,24.0,15.5,19,3.47,0.43,66.8,42,361,641,8,79,79,37,411,25,22,35.2,39,49
338,Gerrit Holtmann,"DF,FW",ph PHI,30.0,Bochum,de Bundesliga,1136,12.6,2,0,2.0,2.0,1,2.9,31,8,0.06,0.25,25.8,21.4,20,3.4,0.24000000000000002,65.7,50,336,571,2,28,97,10,353,12,12,42.9,24,40
339,Giacomo Raspadori,"FW,MF",it ITA,25.0,Napoli,it Serie A,1103,12.3,6,0,4.0,4.0,1,2.4,42,14,0.14,0.43,33.3,16.0,28,4.16,0.33,68.3,18,263,549,2,54,57,9,343,5,4,31.299999999999997,18,21
340,Gianluca Caprari,"MF,FW",it ITA,31.0,Monza,it Serie A,1651,18.3,3,2,2.6,4.2,2,2.4,28,9,0.04,0.11,32.1,22.0,30,3.43,0.27,79.1,43,629,912,3,39,104,31,686,4,7,22.2,19,27
341,Gianluca Gaetano,"MF,FW",it ITA,25.0,Cagliari,it Serie A,1009,11.2,2,0,4.9,4.9,4,2.2,30,6,0.07,0.33,20.0,17.2,22,4.28,0.45,72.3,11,297,490,1,43,82,16,356,10,10,33.3,11,17
345,Giorgos Masouras,"FW,MF",gr GRE,31.0,Bochum,de Bundesliga,1055,11.7,2,0,3.9,3.9,1,1.1,30,15,0.07,0.13,50.0,14.5,10,2.47,0.43,70.4,26,220,403,5,53,82,6,260,26,9,41.9,18,22
346,Giovani Lo Celso,"MF,FW",ar ARG,29.0,Betis,es La Liga,1457,16.2,8,2,2.4,4.8,3,4.9,31,16,0.19,0.38,51.6,22.0,43,5.74,0.56,79.0,26,702,1167,9,53,66,31,832,5,8,31.300000000000004,34,39
348,Giuseppe Pezzella,"DF,FW",it ITA,27.0,Empoli,it Serie A,2878,32.0,0,0,0.6,0.6,3,4.6,15,3,0.0,0.0,20.0,20.6,36,1.85,0.16,66.5,77,673,1579,10,33,143,32,778,36,28,65.5,55,70
351,Gonçalo Guedes,"MF,FW",pt POR,28.0,Wolves,eng Premier League,995,11.1,2,0,3.2,3.2,4,1.3,27,8,0.07,0.25,29.6,18.9,14,2.71,0.72,74.2,41,304,484,8,40,79,18,337,5,12,27.8,16,21
352,Gonçalo Ramos,FW,pt POR,23.0,Paris S-G,fr Ligue 1,1066,11.8,10,2,11.299999999999999,13.600000000000001,3,2.2,52,29,0.15,0.28,55.8,11.3,15,2.54,0.51,80.1,11,155,353,1,97,63,11,282,20,3,57.1,11,11
353,Gorka Guruzeta,FW,es ESP,28.0,Athletic Club,es La Liga,1840,20.4,7,0,6.6,6.700000000000001,2,1.5,59,19,0.12,0.37,32.2,13.6,15,1.42,0.05,72.5,8,286,643,2,78,64,20,415,36,24,34.3,16,25
357,Gustav Isaksen,FW,dk DEN,24.0,Lazio,it Serie A,2210,24.6,4,0,5.2,5.2,2,2.1,54,24,0.07,0.17,44.4,18.9,35,3.79,0.37,76.6,95,698,1084,1,120,249,31,805,13,21,35.1,16,26
359,Habib Diarra,"MF,FW",sn SEN,21.0,Strasbourg,fr Ligue 1,2352,26.1,4,2,1.8,3.3,5,4.5,25,10,0.08,0.2,40.0,20.2,27,2.18,0.31,83.0,61,709,1214,3,42,114,22,885,12,12,42.9,22,35
365,Harry Kane,FW,eng ENG,31.0,Bayern Munich,de Bundesliga,2381,26.5,26,9,13.300000000000002,20.3,9,5.3,105,45,0.16,0.38,42.9,16.3,35,3.36,0.79,78.9,29,513,917,2,162,143,22,716,29,4,59.2,13,15
366,Harry Wilson,"FW,MF",wls WAL,28.0,Fulham,eng Premier League,1162,12.9,6,0,4.2,4.2,1,1.1,43,17,0.14,0.35,39.5,18.0,20,3.41,0.23,73.3,22,342,598,4,63,96,6,390,5,6,20.0,20,27
367,Harvey Barnes,FW,eng ENG,27.0,Newcastle Utd,eng Premier League,1755,19.5,9,0,7.2,7.2,4,4.0,63,20,0.14,0.45,31.7,15.1,26,3.27,0.46,78.1,93,561,810,6,128,192,23,647,6,8,28.6,16,22
369,Himad Abdelli,"MF,FW",dz ALG,25.0,Angers,fr Ligue 1,2842,31.6,6,3,3.2,6.4,1,3.2,35,8,0.09,0.38,22.9,22.6,39,2.98,0.16,82.1,107,1183,1993,15,49,111,51,1446,13,33,39.4,48,74
370,Hugo Duro,FW,es ESP,25.0,Valencia,es La Liga,2166,24.1,11,1,8.6,9.4,2,1.3,48,16,0.21,0.63,33.3,11.1,14,1.2,0.21,69.2,13,297,634,2,90,88,32,471,59,8,36.9,13,23
371,Hugo Ekitike,FW,fr FRA,22.0,Eint Frankfurt,de Bundesliga,2563,28.5,15,1,19.3,21.6,8,6.8,114,44,0.12,0.32,38.6,15.3,44,3.55,0.42,75.5,93,633,1054,5,196,215,34,777,52,8,46.8,16,23
373,Hákon Arnar Haraldsson,"MF,FW",is ISL,22.0,Lille,fr Ligue 1,1755,19.5,5,0,3.8,3.8,3,2.8,35,13,0.14,0.38,37.1,17.1,35,3.59,0.36,79.4,52,715,1136,10,77,143,13,872,2,17,12.5,36,44
374,Iago Aspas,"FW,MF",es ESP,37.0,Celta Vigo,es La Liga,1745,19.4,10,5,4.0,8.7,5,4.6,46,18,0.10999999999999999,0.28,39.1,21.3,38,3.82,0.67,75.4,50,724,1038,4,67,143,20,876,7,12,46.7,13,21
378,Ibrahima Niane,FW,sn SEN,26.0,Angers,fr Ligue 1,943,10.5,3,1,4.9,5.7,1,1.0,29,10,0.07,0.2,34.5,14.6,9,2.0,0.38,68.4,19,182,312,2,50,50,17,230,26,0,41.3,7,9
388,Iliman Ndiaye,FW,sn SEN,25.0,Everton,eng Premier League,2431,27.0,9,2,4.7,6.2,0,1.9,35,15,0.2,0.47,42.9,17.1,18,2.41,0.3,81.8,86,621,1084,17,83,122,44,674,6,27,24.0,53,73
390,Irvin Cardona,FW,fr FRA,27.0,"Espanyol, Saint-Étienne","es La Liga, fr Ligue 1",1669,18.5,6,0,2.7583783783783784,3.268648648648649,4,1.1102702702702703,33,13,0.18363636363636363,0.46076923076923076,39.40909090909091,15.487878787878786,24,2.5490270270270274,0.3415675675675676,65.3107671601615,44,397,743,2,76,178,16,562,18,22,49.525,14,22
391,Isaac Palazón Camacho,"MF,FW",es ESP,30.0,Rayo Vallecano,es La Liga,2162,24.0,4,0,4.7,4.7,4,4.4,61,18,0.07,0.22,29.5,22.3,48,4.57,0.21,77.1,30,716,1285,6,43,123,43,913,18,26,31.0,22,30
392,Isaac Romero,FW,es ESP,25.0,Sevilla,es La Liga,2156,24.0,4,0,6.0,6.8,2,2.1,53,17,0.08,0.24,32.1,16.9,20,1.84,0.29,70.3,21,382,751,5,89,95,61,520,29,13,36.3,13,20
397,Issa Soumaré,"FW,MF",sn SEN,24.0,Le Havre,fr Ligue 1,1902,21.1,5,0,3.8000000000000003,3.8000000000000003,4,3.1,43,19,0.12000000000000001,0.26,44.2,16.5,28,2.46,0.43,61.2,61,495,839,7,87,144,32,596,84,36,60.0,25,41
399,Iván Sánchez,"MF,FW",es ESP,32.0,Valladolid,es La Liga,1404,15.6,2,0,0.7000000000000001,0.7000000000000001,1,2.9,15,5,0.13,0.4,33.3,21.1,24,4.11,0.32,71.4,60,467,755,9,22,93,21,520,11,15,50.0,37,51
400,Iñaki Williams,FW,gh GHA,30.0,Athletic Club,es La Liga,2652,29.5,6,0,7.6,7.6,8,7.8,63,24,0.1,0.25,38.1,16.4,43,2.72,0.48,63.3,107,739,1169,5,138,302,44,898,30,11,60.0,17,29
401,Jack Clarke,"FW,MF",eng ENG,24.0,Ipswich Town,eng Premier League,1181,13.1,0,0,1.2,1.2,4,2.3,17,2,0.0,0.0,11.8,18.9,28,3.81,0.38,76.8,39,311,553,11,38,57,22,338,7,17,28.0,32,39
403,Jack Harrison,FW,eng ENG,28.0,Everton,eng Premier League,2076,23.1,1,0,3.5,3.5,0,3.7,29,7,0.03,0.14,24.1,16.2,33,2.47,0.17,62.8,73,524,948,8,69,127,41,612,4,31,12.5,32,42
405,Jacob Murphy,FW,eng ENG,30.0,Newcastle Utd,eng Premier League,2360,26.2,8,0,5.7,5.7,12,8.9,43,15,0.19,0.53,34.9,18.2,42,3.13,0.57,68.5,79,733,1271,6,92,231,37,911,5,24,23.8,28,41
407,Jacob Ramsey,"FW,MF",eng ENG,23.0,Aston Villa,eng Premier League,1623,18.0,1,0,1.6,1.6,3,2.3,19,4,0.05,0.25,21.1,16.8,21,2.83,0.44,84.8,61,496,762,6,74,114,23,577,7,10,35.0,30,38
410,Jadon Sancho,FW,eng ENG,25.0,Chelsea,eng Premier League,1764,19.6,3,0,2.2,2.2,4,3.7,24,8,0.13,0.38,33.3,15.1,38,3.5700000000000003,0.51,82.6,102,653,975,7,121,225,21,760,6,7,35.3,13,15
415,Jamie Gittens,"FW,MF",eng ENG,20.0,Dortmund,de Bundesliga,1776,19.7,8,0,3.6,3.6,3,2.5,52,24,0.15,0.33,46.2,17.1,21,3.7,0.51,76.5,113,627,873,7,110,180,35,653,5,4,41.7,31,41
416,Jamie Leweling,"MF,FW",de GER,24.0,Stuttgart,de Bundesliga,1663,18.5,2,0,1.6,1.6,2,3.8,29,16,0.07,0.13,55.2,19.4,25,2.82,0.49,70.5,55,540,801,7,67,164,38,598,6,14,60.0,16,27
417,Jamie Vardy,FW,eng ENG,38.0,Leicester City,eng Premier League,2823,31.4,9,1,9.6,11.2,4,2.9999999999999996,56,23,0.14,0.35,41.1,12.1,19,1.4999999999999998,0.32,66.3,29,285,586,5,111,120,14,382,50,9,47.6,19,24
421,Jarrod Bowen,"FW,MF",eng ENG,28.0,West Ham,eng Premier League,2973,33.0,13,1,7.799999999999999,8.6,8,6.8,86,36,0.14,0.33,41.9,17.4,51,3.42,0.45,71.7,109,741,1252,16,171,212,77,834,12,21,20.0,41,57
423,Javi Puado,"FW,MF",es ESP,27.0,Espanyol,es La Liga,2974,33.0,12,5,7.7,11.6,4,3.0,66,19,0.11,0.37,28.8,20.7,22,1.66,0.21,76.8,73,623,985,4,102,113,33,703,9,12,23.1,22,27
426,Jean Mattéo Bahoya,"MF,FW",fr FRA,20.0,Eint Frankfurt,de Bundesliga,921,10.2,2,0,1.9000000000000001,1.9000000000000001,3,1.7000000000000002,10,3,0.2,0.67,30.0,17.1,18,4.01,0.59,74.3,24,267,475,5,33,93,17,293,13,10,65.0,29,33
427,Jean-Philippe Mateta,FW,fr FRA,27.0,Crystal Palace,eng Premier League,2648,29.4,14,2,11.999999999999998,13.6,2,3.2,68,29,0.18,0.41,42.6,15.5,29,2.21,0.34,65.1,45,401,739,2,95,122,45,540,63,13,37.1,18,20
428,Jean-Ricner Bellegarde,"MF,FW",fr FRA,26.0,Wolves,eng Premier League,1677,18.6,2,0,1.5,1.5,7,3.8000000000000003,22,5,0.09,0.4,22.7,21.2,27,3.06,0.59,79.3,52,528,843,3,48,89,29,592,10,6,34.5,39,49
430,Jens Odgaard,"MF,FW",dk DEN,26.0,Bologna,it Serie A,1952,21.7,6,0,3.6000000000000005,3.6000000000000005,1,1.8000000000000003,49,22,0.12,0.27,44.9,19.5,16,2.08,0.28,74.8,35,454,759,5,68,99,33,548,43,15,41.0,20,29
431,Jeong Woo-yeong,"MF,FW",kr KOR,25.0,Union Berlin,de Bundesliga,1263,14.0,3,0,2.8,2.8,2,1.7,25,6,0.12,0.5,24.0,18.5,18,3.4899999999999998,0.36,75.3,32,386,621,0,34,93,16,423,14,8,34.1,10,21
432,Jeremie Boga,"MF,FW",ci CIV,28.0,Nice,fr Ligue 1,1054,11.7,1,0,2.3,2.3,2,2.8,30,16,0.029999999999999995,0.06,53.3,17.0,24,4.36,0.26,82.7,64,338,529,3,57,75,17,408,3,4,42.9,10,13
434,Jeremy Doku,"FW,MF",be BEL,22.0,Manchester City,eng Premier League,1516,16.8,3,0,1.3,1.3,6,4.8,29,9,0.1,0.33,31.0,17.7,32,4.69,0.83,79.1,213,796,1027,10,161,286,59,854,0,7,0.0,31,35
437,Jesper Lindstrøm,FW,dk DEN,25.0,Everton,eng Premier League,1239,13.8,0,0,2.1,2.1,1,2.0,28,10,0.0,0.0,35.7,21.0,19,3.35,0.07,69.4,30,302,625,2,40,81,24,347,6,36,33.3,45,57
438,Jesus Rodríguez,FW,es ESP,19.0,Betis,es La Liga,1111,12.3,2,0,2.3,2.3,0,0.2,23,8,0.09,0.25,34.8,17.9,8,2.75,0.41,72.8,53,361,532,4,69,99,20,381,3,13,27.3,16,22
441,Jim Allevinah,FW,ga GAB,30.0,Angers,fr Ligue 1,1750,19.4,1,0,4.2,4.2,3,2.5,35,10,0.030000000000000002,0.1,28.6,14.5,15,2.0,0.36,75.2,57,435,682,4,65,99,32,483,10,23,29.4,19,31
443,Joe Willock,"MF,FW",eng ENG,25.0,Newcastle Utd,eng Premier League,1086,12.1,0,0,1.6,1.6,2,2.1,18,3,0.0,0.0,16.7,15.100000000000001,22,3.7299999999999995,0.33,82.6,38,325,533,3,55,86,23,372,5,13,26.3,30,36
444,Joel Pohjanpalo,FW,fi FIN,30.0,Venezia,it Serie A,1603,17.8,6,3,4.3,7.5,0,1.7,34,13,0.09,0.23,38.2,16.9,15,1.8499999999999999,0.17,60.3,9,249,491,0,66,72,11,343,46,4,43.8,3,7
445,Joelinton,"MF,FW",br BRA,28.0,Newcastle Utd,eng Premier League,2393,26.6,4,0,3.9000000000000004,3.9000000000000004,3,2.5,45,13,0.09,0.31,28.9,14.0,23,2.29,0.34,82.7,40,729,1360,11,83,110,53,934,59,19,56.2,57,80
446,Jofre,"MF,FW",es ESP,23.0,Espanyol,es La Liga,2165,24.1,3,0,2.5,2.5,3,2.5,40,10,0.08,0.3,25.0,19.5,24,2.33,0.21,67.0,65,535,839,3,71,156,40,576,5,10,22.7,22,37
448,Johannes Eggestein,FW,de GER,27.0,St. Pauli,de Bundesliga,1853,20.6,3,1,3.1,4.7,4,2.1,34,10,0.06,0.2,29.4,15.7,24,2.09,0.19,73.9,25,384,713,3,78,138,30,543,28,4,24.8,5,5
450,John McGinn,"MF,FW",sct SCO,30.0,Aston Villa,eng Premier League,2223,24.7,1,0,2.8,3.0999999999999996,4,3.5,31,5,0.03,0.2,16.1,17.0,31,3.0799999999999996,0.32,81.9,32,581,1072,9,58,87,29,744,17,18,58.6,33,47
451,John Yeboah,"FW,MF",ec ECU,24.0,Venezia,it Serie A,1226,13.6,1,0,3.0,3.0,1,1.9000000000000001,30,10,0.029999999999999995,0.1,33.3,16.6,20,3.8900000000000006,0.22,72.9,50,374,517,2,55,88,30,409,6,9,37.5,6,10
452,Jon Guridi,"MF,FW",es ESP,30.0,Alavés,es La Liga,2080,23.1,3,1,3.4,4.2,1,1.2,23,11,0.09,0.18,47.8,14.9,17,2.08,0.35000000000000003,74.2,27,471,940,7,60,90,17,587,47,26,41.6,40,54
455,Jonas Wind,"FW,MF",dk DEN,26.0,Wolfsburg,de Bundesliga,1966,21.8,9,1,4.0,5.7,3,4.2,38,11,0.21,0.73,28.900000000000002,13.4,34,2.97,0.27,70.6,17,450,810,1,88,94,28,637,98,4,49.5,10,16
457,Jonathan Burkardt,FW,de GER,24.0,Mainz 05,de Bundesliga,2109,23.4,18,2,13.199999999999998,14.8,2,3.0999999999999996,70,28,0.23,0.57,40.0,13.6,20,2.31,0.34,72.5,32,447,788,7,121,157,33,562,20,4,19.0,15,16
458,Jonathan David,FW,ca CAN,25.0,Lille,fr Ligue 1,2554,28.4,16,6,10.699999999999998,16.2,5,4.4,66,28,0.15,0.36,42.4,15.3,36,2.61,0.28,82.1,40,518,952,9,145,184,40,717,16,12,27.6,24,31
460,Jordan Ayew,"FW,MF",gh GHA,33.0,"Crystal Palace, Leicester City",eng Premier League,1659,18.4,5,1,2.3793478260869567,3.170652173913044,0,1.0880434782608697,32,8,0.1259375,,24.993750000000002,18.384375000000002,17,2.272173913043478,0.10880434782608696,74.38444444444444,49,485,810,6,56,87,41,549,38,16,31.940740740740743,28,40
461,Jordan Pefok,FW,us USA,29.0,"Reims, Union Berlin","fr Ligue 1, de Bundesliga",1288,14.3,1,0,2.5244755244755246,2.5244755244755246,1,0.8412587412587412,34,9,0.02911764705882353,0.1111111111111111,26.452941176470585,11.358823529411763,17,2.4478321678321677,0.0,71.02548076923077,6,210,416,5,60,47,25,270,54,5,54.637288135593224,14,20
462,Jorge de Frutos,"FW,MF",es ESP,28.0,Rayo Vallecano,es La Liga,2495,27.7,6,0,6.3,6.3,3,3.4,52,18,0.12000000000000001,0.33,34.6,15.900000000000002,31,2.24,0.36,68.3,77,605,1010,8,107,201,38,675,15,32,38.5,37,56
463,Joshua King,"FW,MF",no NOR,33.0,Toulouse,fr Ligue 1,1673,18.6,6,0,6.6,6.6,3,2.0,50,20,0.12,0.3,40.0,15.3,17,1.67,0.22,70.7,39,307,574,3,94,108,33,393,35,7,40.7,11,17
464,Joshua Zirkzee,"FW,MF",nl NED,24.0,Manchester Utd,eng Premier League,1402,15.6,3,0,4.8,4.8,1,1.5,28,11,0.11,0.27,39.3,13.1,12,1.99,0.19,71.2,14,327,587,3,56,69,30,418,21,5,28.0,14,20
465,Josué Casimir,"FW,MF",fr FRA,23.0,Le Havre,fr Ligue 1,1997,22.2,4,0,3.3,3.3,4,3.3999999999999995,27,9,0.15,0.44,33.3,15.7,26,2.7,0.36,68.7,71,465,814,7,76,151,30,526,9,9,28.1,37,44
470,João Pedro,"FW,MF",br BRA,23.0,Brighton,eng Premier League,1948,21.6,10,5,5.0,8.9,6,5.0,42,15,0.12,0.33,35.7,17.2,30,3.32,0.42000000000000004,72.9,66,616,940,4,122,128,38,732,41,7,48.79999999999999,16,25
471,Juan Cruz,"FW,MF",es ESP,25.0,Leganés,es La Liga,2257,25.1,5,0,2.7,2.7,4,4.1,33,14,0.15,0.36,42.4,21.0,24,2.03,0.24,68.2,59,543,951,2,41,131,24,570,15,18,44.1,32,45
472,Juanmi,"FW,MF",es ESP,32.0,"Getafe, Betis",es La Liga,940,10.4,0,0,2.3288461538461536,2.3288461538461536,0,0.32596153846153847,19,7,0.0,0.0,36.88421052631579,13.210526315789474,8,1.3365384615384617,0.09625,78.68723404255319,10,187,329,4,34,46,12,215,12,15,55.58148148148148,21,24
473,Juanmi Latasa,FW,es ESP,24.0,Valladolid,es La Liga,1398,15.5,3,0,4.2,4.2,0,0.9,40,13,0.08,0.23,32.5,11.8,13,1.93,0.0,59.2,3,153,390,2,74,40,18,291,90,4,60.8,4,4
475,Julio Enciso,"MF,FW",py PAR,21.0,"Ipswich Town, Brighton",eng Premier League,1163,13.0,2,0,1.5223076923076921,1.5223076923076921,3,1.0953846153846152,52,22,0.03692307692307692,0.09,42.323076923076925,22.346153846153847,18,3.1751538461538464,0.30592307692307685,68.0032894736842,34,319,608,3,43,61,39,403,14,9,39.82608695652174,12,13
477,Julián Álvarez,FW,ar ARG,25.0,Atlético Madrid,es La Liga,2509,27.9,17,4,11.0,14.1,4,5.3,70,36,0.19,0.36,51.4,18.3,41,3.87,0.54,74.2,79,776,1238,9,116,162,40,892,13,22,29.5,25,27
478,Junior Adamu,FW,at AUT,23.0,Freiburg,de Bundesliga,1545,17.2,2,0,5.5,5.5,2,2.4,36,11,0.060000000000000005,0.18,30.600000000000005,12.4,17,1.69,0.17,63.5,8,275,534,3,80,84,24,350,53,8,32.9,9,21
484,Junya Ito,"FW,MF",jp JPN,32.0,Reims,fr Ligue 1,2690,29.9,4,0,4.6,4.6,3,7.1,31,11,0.13,0.36,35.5,13.7,82,4.32,0.3,66.8,100,837,1533,10,83,256,39,1034,17,43,37.8,45,58
486,Justin Njinmah,"FW,MF",de GER,24.0,Werder Bremen,de Bundesliga,952,10.6,3,0,3.7,3.7,2,1.6,31,8,0.1,0.38,25.8,14.6,12,3.69,0.37999999999999995,61.699999999999996,33,230,349,1,58,103,7,264,15,2,42.9,6,9
491,Jørgen Strand Larsen,FW,no NOR,25.0,Wolves,eng Premier League,2587,28.7,14,0,10.3,10.3,4,3.0,54,33,0.26,0.42,61.1,11.3,21,1.46,0.21,64.6,17,345,736,5,108,112,34,534,67,23,40.1,10,16
492,Kai Havertz,"FW,MF",de GER,25.0,Arsenal,eng Premier League,1874,20.8,9,0,9.5,9.5,3,2.4,53,21,0.16999999999999998,0.43,39.6,11.6,17,2.02,0.14,78.4,35,418,785,7,107,113,23,584,63,11,44.7,16,22
493,Kamaldeen Sulemana,"FW,MF",gh GHA,23.0,Southampton,eng Premier League,1402,15.6,1,0,1.5,1.5,1,1.0,29,8,0.03,0.13,27.6,18.6,10,1.93,0.19,79.8,63,380,587,8,59,87,25,410,13,5,32.5,22,28
494,Kamory Doumbia,"MF,FW",ml MLI,22.0,Brest,fr Ligue 1,1322,14.7,3,0,2.7,2.7,2,1.2,22,10,0.14,0.3,45.5,16.7,26,3.95,0.48,80.5,17,467,895,7,34,54,24,567,10,17,31.3,41,69
496,Kaoru Mitoma,"FW,MF",jp JPN,28.0,Brighton,eng Premier League,2603,28.9,10,0,9.199999999999998,9.199999999999998,4,4.599999999999999,57,27,0.18,0.37,47.4,13.9,37,3.01,0.35,75.8,146,830,1375,16,164,291,23,966,26,30,49.1,45,59
497,Karim Adeyemi,"FW,MF",de GER,23.0,Dortmund,de Bundesliga,1433,15.9,7,0,5.5,5.5,6,6.0,46,18,0.15,0.39,39.1,17.6,28,3.58,0.69,74.3,68,417,636,8,88,153,31,465,9,12,40.9,20,27
503,Keane Lewis-Potter,"DF,FW",eng ENG,24.0,Brentford,eng Premier League,3093,34.4,1,0,3.1,3.1,3,3.2,28,14,0.04,0.07,50.0,20.2,26,2.07,0.23,77.1,98,867,1613,7,74,156,20,965,27,19,43.5,49,70
504,Keinan Davis,FW,eng ENG,27.0,Udinese,it Serie A,1066,11.8,2,0,2.9,2.9,1,2.1,29,11,0.07,0.18,37.9,12.7,20,2.95,0.17,75.6,26,231,404,4,67,77,25,325,37,3,48.1,9,10
506,Keito Nakamura,"FW,MF",jp JPN,24.0,Reims,fr Ligue 1,2649,29.4,11,0,9.1,9.1,2,2.9,84,32,0.13,0.34,38.1,16.8,26,2.31,0.24,74.2,90,675,1110,7,129,197,43,776,7,20,33.3,24,37
509,Kenan Yıldız,"FW,MF",tr TUR,20.0,Juventus,it Serie A,2402,26.7,7,0,4.3,4.3,4,5.0,61,22,0.11,0.32,36.1,17.5,57,4.87,0.37,79.7,115,964,1485,15,103,223,41,1116,8,14,23.5,54,59
512,Kevin De Bruyne,"MF,FW",be BEL,33.0,Manchester City,eng Premier League,1702,18.9,4,0,5.1,5.1,7,8.0,57,15,0.07,0.2700000000000001,26.3,21.4,57,5.97,0.58,75.9,51,812,1368,5,79,150,28,1021,5,18,23.8,17,24
513,Kevin Schade,FW,de GER,23.0,Brentford,eng Premier League,2293,25.5,11,0,8.2,8.2,2,3.7,55,27,0.2,0.4099999999999999,49.1,11.5,23,2.24,0.35,59.70000000000001,61,434,883,12,146,165,36,543,90,10,52.9,39,44
516,Khalil Fayad,"MF,FW",fr FRA,20.0,Montpellier,fr Ligue 1,1028,11.4,0,0,1.3,1.3,0,0.3,17,3,0.0,0.0,17.6,23.2,7,1.66,0.09,82.9,25,340,663,2,17,42,13,426,9,13,60.0,31,41
517,Khvicha Kvaratskhelia,FW,ge GEO,24.0,"Napoli, Paris S-G","it Serie A, fr Ligue 1",2094,23.299999999999997,9,1,3.356223175965665,3.749785407725322,6,4.225321888412017,83,31,0.0963855421686747,0.25967741935483873,37.369879518072295,19.23614457831325,53,5.024163090128756,0.6044635193133048,81.03119819140919,124,849,1327,4,145,220,46,1026,7,21,41.19642857142857,34,40
521,Kiké,FW,es ESP,35.0,Alavés,es La Liga,2542,28.2,13,3,7.2,9.6,0,0.9,60,24,0.17,0.42,40.0,15.4,13,1.35,0.14,65.3,25,548,894,6,120,158,42,719,110,11,52.4,19,20
523,Kingsley Coman,FW,fr FRA,28.0,Bayern Munich,de Bundesliga,1282,14.2,5,0,4.3,4.3,4,3.3,44,17,0.11,0.29,38.6,16.7,32,5.68,0.77,84.3,66,606,934,5,85,215,18,733,11,4,40.7,17,25
529,Kylian Mbappé,FW,fr FRA,26.0,Real Madrid,es La Liga,2907,32.3,31,7,18.6,25.9,3,7.7,152,75,0.16,0.32,49.3,17.3,51,4.12,0.46,82.9,150,1065,1572,4,320,386,49,1355,4,4,40.0,8,9
532,Lamine Yamal,FW,es ESP,17.0,Barcelona,es La Liga,2856,31.7,9,0,9.9,9.9,13,13.9,144,46,0.060000000000000005,0.2,31.899999999999995,19.4,64,5.92,0.91,74.8,181,1485,2094,17,226,433,49,1723,1,22,25.0,42,58
534,Lassine Sinayoko,"FW,MF",ml MLI,25.0,Auxerre,fr Ligue 1,2299,25.5,5,1,5.7,6.5,8,5.5,60,16,0.07,0.25,26.7,16.1,37,3.76,0.78,76.7,53,576,993,9,127,193,43,690,27,12,29.7,33,46
536,Lautaro Martínez,FW,ar ARG,27.0,Inter,it Serie A,2564,28.5,12,0,13.5,13.5,3,4.3,102,34,0.12,0.35,33.3,13.8,36,2.7,0.28,74.4,34,625,981,8,162,197,54,754,35,12,47.89999999999999,30,40
538,Leandro Trossard,FW,be BEL,30.0,Arsenal,eng Premier League,2546,28.3,8,0,7.2,7.2,7,6.1,72,21,0.11,0.38,29.200000000000003,15.899999999999999,41,3.29,0.28,74.5,80,828,1278,9,158,226,52,956,6,22,20.0,31,40
539,Lee Kang-in,"FW,MF",kr KOR,24.0,Paris S-G,fr Ligue 1,1663,18.5,6,0,3.5,3.5,6,5.6,41,14,0.15,0.43,34.1,19.0,56,5.26,0.33,87.5,50,938,1432,7,68,138,26,1172,5,16,33.3,25,28
540,Leon Bailey,"FW,MF",jm JAM,27.0,Aston Villa,eng Premier League,1139,12.7,1,0,1.7000000000000002,1.7000000000000002,2,1.4999999999999998,28,6,0.04,0.17,21.4,17.3,16,3.01,0.32,71.0,58,348,545,2,70,121,25,390,6,8,40.0,7,10
542,Leonardo Spinazzola,"DF,FW",it ITA,32.0,Napoli,it Serie A,1517,16.9,1,0,0.8,0.8,1,3.5,12,4,0.08,0.25,33.3,17.1,26,2.79,0.18,79.3,83,603,1051,2,38,81,18,679,3,13,50.0,17,26
543,Leroy Sané,FW,de GER,29.0,Bayern Munich,de Bundesliga,1637,18.2,11,0,10.2,10.2,5,5.5,67,29,0.16,0.38,43.3,16.6,36,4.18,0.49,82.5,75,787,1184,11,121,266,27,953,7,11,53.8,23,30
544,Liam Delap,FW,eng ENG,22.0,Ipswich Town,eng Premier League,2593,28.8,12,2,7.799999999999999,9.3,2,1.9,66,29,0.15,0.34,43.9,16.0,21,2.15,0.24,61.3,61,445,682,5,92,110,60,537,55,13,42.6,11,13
545,Lilian Raolisoa,"DF,FW",fr FRA,24.0,Angers,fr Ligue 1,1318,14.6,0,0,0.7,0.7,3,2.0,14,1,0.0,0.0,7.1,23.2,14,2.19,0.27,69.5,33,404,751,4,19,62,16,435,15,21,57.70000000000001,41,56
549,Lorenzo Colombo,"FW,MF",it ITA,23.0,Empoli,it Serie A,2233,24.8,6,1,5.1,5.9,2,2.9,55,18,0.09,0.28,32.7,18.1,21,2.21,0.12,67.5,27,438,837,8,83,116,52,547,53,14,30.5,31,33
550,Lorenzo Lucca,FW,it ITA,24.0,Udinese,it Serie A,2353,26.1,12,1,6.800000000000001,7.6000000000000005,1,1.6,64,25,0.17,0.44,39.1,13.6,14,1.26,0.15,64.1,15,349,642,5,109,98,28,478,59,6,46.5,10,16
553,Loïc Nego,"DF,FW",hu HUN,34.0,Le Havre,fr Ligue 1,2459,27.3,0,0,0.8000000000000002,0.8000000000000002,0,0.7,11,2,0.0,0.0,18.2,17.1,13,1.61,0.15,75.1,64,742,1469,5,34,123,9,900,19,23,55.89999999999999,58,87
554,Loïs Openda,"FW,MF",be BEL,25.0,RB Leipzig,de Bundesliga,2453,27.3,9,0,8.2,9.0,5,3.3999999999999995,77,31,0.12000000000000001,0.29,40.3,16.8,28,2.42,0.37,63.8,58,521,904,2,158,229,27,718,19,8,38.0,9,14
555,Lucas Beltrán,"FW,MF",ar ARG,24.0,Fiorentina,it Serie A,1953,21.7,5,2,3.1,5.4,4,3.0,26,6,0.12000000000000001,0.5,23.1,15.900000000000002,29,2.9,0.4099999999999999,77.5,23,468,791,6,51,94,41,592,32,14,37.6,23,28
556,Lucas Höler,"FW,MF",de GER,30.0,Freiburg,de Bundesliga,1867,20.7,6,0,6.900000000000001,7.699999999999999,4,2.9,34,17,0.18,0.35,50.0,10.8,22,2.46,0.29,65.5,21,395,854,4,89,122,24,571,80,15,56.7,37,44
559,Lucas Paquetá,"MF,FW",br BRA,27.0,West Ham,eng Premier League,2380,26.4,4,2,3.6999999999999997,5.3,0,3.1,39,3,0.05,0.67,7.7,19.5,36,3.1,0.23,77.3,26,921,1796,11,59,85,51,1268,48,28,45.7,66,84
560,Lucas Stassin,FW,be BEL,20.0,Saint-Étienne,fr Ligue 1,1887,21.0,12,0,7.0,7.0,4,3.3999999999999995,44,23,0.27,0.52,52.3,14.1,18,1.6999999999999997,0.4,74.0,26,326,655,8,85,149,20,455,15,14,34.1,16,19
561,Ludovic Ajorque,FW,fr FRA,31.0,Brest,fr Ligue 1,2495,27.7,13,0,9.6,10.4,2,3.1,53,25,0.25,0.52,47.20000000000001,12.1,35,2.17,0.29,68.9,10,410,914,11,125,124,11,658,133,22,52.4,26,32
562,Ludovic Blas,"MF,FW",fr FRA,27.0,Rennes,fr Ligue 1,2293,25.5,6,0,5.0,5.0,8,4.6,57,26,0.11000000000000001,0.23,45.6,17.7,47,4.2,0.63,73.9,83,781,1262,17,105,184,46,919,11,19,22.9,38,51
563,Luis Díaz,FW,co COL,28.0,Liverpool,eng Premier League,2399,26.7,13,0,12.0,12.0,5,5.0,71,30,0.18,0.43,42.3,13.4,56,4.39,0.6,84.2,108,780,1184,6,167,293,49,933,13,24,25.5,39,46
565,Luis Henrique,"DF,FW",br BRA,23.0,Marseille,fr Ligue 1,2613,29.0,7,0,4.2,4.2,7,4.2,30,14,0.23,0.5,46.7,14.6,53,3.62,0.52,81.0,84,1015,1643,3,79,280,19,1282,0,1,0.0,16,26
566,Luis Rioja,FW,es ESP,31.0,"Alavés, Valencia",es La Liga,2854,31.8,5,2,1.6839622641509433,3.2688679245283017,3,4.458490566037736,28,12,,,,,36,2.622264150943396,0.3169811320754717,67.48092105263157,97,824,1520,8,61,231,40,1041,15,29,,35,57
573,Léo Scienza,"FW,MF",br BRA,26.0,Heidenheim,de Bundesliga,1153,12.8,3,0,2.0,2.0,3,3.7,38,15,0.08,0.2,39.5,21.7,34,6.39,0.55,66.3,70,368,584,2,44,90,13,369,3,11,18.8,17,22
574,M'Bala Nzola,FW,ao ANG,28.0,Lens,fr Ligue 1,1460,16.2,6,0,8.6,8.6,1,1.3,47,18,0.13,0.33,38.3,12.099999999999998,20,2.4,0.31,75.2,26,284,490,4,95,118,47,381,38,6,51.4,5,10
576,Maghnes Akliouche,"FW,MF",fr FRA,23.0,Monaco,fr Ligue 1,2406,26.7,5,1,8.4,9.2,10,7.3,61,17,0.07,0.24,27.9,16.0,49,4.45,0.71,81.3,127,999,1566,15,156,226,47,1149,5,22,17.9,51,66
577,Mahdi Camara,"MF,FW",fr FRA,26.0,Brest,fr Ligue 1,2659,29.5,5,0,4.1,4.1,3,2.0,49,19,0.1,0.26,38.8,16.6,26,2.4,0.24,85.8,58,828,1530,17,78,112,28,999,17,22,35.4,71,104
578,Malick Fofana,FW,be BEL,20.0,Lyon,fr Ligue 1,1589,17.7,5,0,3.8,3.8,4,3.6999999999999997,31,15,0.16,0.33,48.4,15.0,25,3.12,0.62,77.4,112,587,828,3,95,205,18,645,2,9,14.3,22,30
579,Mama Samba Baldé,FW,gw GNB,29.0,"Lyon, Brest",fr Ligue 1,1182,13.200000000000001,2,0,2.912121212121212,2.912121212121212,3,2.0363636363636366,30,8,0.06766666666666668,,26.680000000000003,15.563333333333334,16,3.273030303030303,0.37818181818181823,72.11291759465479,36,264,449,5,64,102,20,320,36,11,42.9404255319149,15,22
581,Mamadou Sylla,"FW,MF",sn SEN,31.0,Valladolid,es La Liga,1583,17.6,5,4,2.0,5.1,1,1.7,18,3,0.060000000000000005,0.33,16.7,17.4,14,1.25,0.28,62.8,15,188,431,2,37,52,20,284,41,7,41.4,8,11
583,Manuel Fuster,"FW,MF",es ESP,27.0,Las Palmas,es La Liga,1003,11.1,2,0,0.7,0.7,1,1.8,18,7,0.11,0.29,38.9,23.2,28,5.02,0.54,76.6,23,410,742,6,23,75,16,533,3,13,18.8,19,23
588,Marco Grüll,"FW,MF",at AUT,26.0,Werder Bremen,de Bundesliga,1181,13.1,6,0,4.0,4.0,1,1.7999999999999998,25,10,0.24,0.6,40.0,15.9,11,3.13,0.38,76.8,24,317,495,6,53,93,39,361,5,13,20.8,12,15
589,Marcos André,FW,br BRA,28.0,Valladolid,es La Liga,1188,13.2,1,0,2.7,2.7,2,0.8,22,2,0.05,0.5,9.1,14.0,9,1.44,0.08,65.7,11,195,372,2,32,39,23,255,47,8,51.6,10,13
590,Marcus Rashford,FW,eng ENG,27.0,"Manchester Utd, Aston Villa",eng Premier League,1422,15.8,6,1,1.8860759493670887,2.1341772151898732,3,2.1620253164556957,34,14,0.14941176470588236,0.35428571428571426,41.21176470588235,17.988235294117644,28,3.544556962025317,0.25126582278481013,72.94917541229385,42,420,667,8,64,121,7,490,6,8,35.142857142857146,17,22
591,Marcus Tavernier,"FW,MF",eng ENG,26.0,Bournemouth,eng Premier League,1939,21.5,3,0,5.5,5.5,5,4.0,57,17,0.05,0.18,29.8,21.1,43,4.55,0.51,73.8,53,705,1196,9,58,129,47,790,26,17,44.1,43,48
592,Marcus Thuram,FW,fr FRA,27.0,Inter,it Serie A,2290,25.4,14,0,9.9,9.9,4,4.4,65,27,0.22,0.52,41.5,13.1,39,3.54,0.63,73.7,62,453,830,6,160,170,29,612,45,11,57.0,18,21
595,Mario Götze,"MF,FW",de GER,32.0,Eint Frankfurt,de Bundesliga,1542,17.1,3,0,2.9,2.9,2,3.1,8,5,0.38,0.6,62.5,10.1,34,3.39,0.18,77.5,29,617,986,3,43,96,27,706,3,21,23.100000000000005,41,48
596,Marius Bülter,"FW,DF",de GER,32.0,Hoffenheim,de Bundesliga,1729,19.2,7,0,3.7000000000000006,3.7000000000000006,2,3.1,37,15,0.19,0.47,40.5,16.2,22,2.5,0.36,67.2,57,511,774,2,83,155,21,576,18,8,39.1,13,17
599,Marshall Munetsi,"MF,FW",zw ZIM,28.0,Wolves,eng Premier League,1078,12.0,2,0,3.2999999999999994,3.2999999999999994,1,1.8,22,7,0.09,0.29,31.8,15.0,9,1.75,0.08,71.7,9,148,364,6,36,35,12,182,29,10,55.8,24,30
603,Marvin,"DF,FW",es ESP,24.0,Las Palmas,es La Liga,1038,11.5,0,0,0.2,0.2,0,1.1,5,0,0.0,,0.0,13.7,6,1.21,0.17,73.7,29,309,658,4,19,72,8,347,10,15,37.0,25,40
604,Marvin Ducksch,FW,de GER,31.0,Werder Bremen,de Bundesliga,2418,26.9,8,1,8.5,10.1,8,8.5,70,27,0.1,0.26,38.6,17.3,61,3.83,0.45000000000000007,61.7,26,538,1105,2,116,166,11,673,19,11,39.6,10,18
605,Marvin Pieringer,"FW,MF",de GER,25.0,Heidenheim,de Bundesliga,2206,24.5,7,3,6.6,8.9,4,4.0,57,17,0.07,0.24,29.8,15.1,30,2.81,0.29,65.8,23,467,849,6,97,115,24,607,73,5,37.1,23,31
606,Mason Greenwood,"FW,MF",eng ENG,23.0,Marseille,fr Ligue 1,2804,31.2,21,7,9.1,16.3,5,5.7,111,45,0.13,0.31,40.5,19.8,47,3.95,0.61,78.40000000000002,126,1214,1746,11,151,295,44,1451,8,23,53.3,35,47
610,Mateo Retegui,FW,it ITA,26.0,Atalanta,it Serie A,2383,26.5,25,4,14.9,18.9,8,4.900000000000001,99,32,0.21,0.66,32.3,12.8,38,2.87,0.53,76.5,21,558,874,5,173,199,48,705,51,13,42.9,14,18
611,Matheus Cunha,"MF,FW",br BRA,25.0,Wolves,eng Premier League,2597,28.9,15,0,8.6,8.6,6,7.7,110,44,0.14,0.34,40.0,20.5,56,4.57,0.55,71.6,112,904,1561,5,133,161,55,1056,13,26,31.0,38,55
613,Mathias Honsak,"FW,DF",at AUT,28.0,Heidenheim,de Bundesliga,1181,13.1,5,0,3.3,3.3,1,1.6,29,10,0.17,0.5,34.5,17.1,14,3.13,0.38,70.1,37,338,646,0,33,58,12,376,22,13,51.2,15,25
615,Mathias Pereira Lage,"FW,MF",pt POR,28.0,Brest,fr Ligue 1,1571,17.5,2,0,3.3,3.3,7,3.5,36,15,0.060000000000000005,0.13,41.7,17.2,22,3.04,0.57,62.9,32,317,714,8,37,100,18,387,35,21,46.1,37,57
618,Mathys Tel,FW,fr FRA,20.0,"Tottenham, Bayern Munich","eng Premier League, de Bundesliga",1167,12.899999999999999,2,1,1.8744186046511633,2.5007751937984497,2,2.022480620155039,32,11,0.034375,0.09454545454545454,34.4,16.65625,15,2.474806201550388,0.3085271317829457,73.6040350877193,34,374,570,5,54,106,21,414,5,8,41.29230769230769,18,21
619,Matias Fernandez-Pardo,"FW,MF",be BEL,20.0,Lille,fr Ligue 1,1065,11.8,4,0,2.9,2.9,2,2.8,23,12,0.17,0.33,52.2,17.8,16,2.54,0.51,73.0,46,285,429,3,51,85,13,311,0,6,0.0,12,15
620,Matteo Cancellieri,"FW,MF",it ITA,23.0,Parma,it Serie A,1424,15.8,3,0,2.7,2.7,0,0.7,22,7,0.14,0.43,31.8,17.6,11,1.71,0.19,67.4,40,314,531,2,40,79,24,348,29,21,50.9,26,39
621,Matteo Politano,"FW,MF",it ITA,31.0,Napoli,it Serie A,2804,31.2,3,0,3.1,3.1,4,4.8,56,14,0.05,0.21,25.0,19.5,56,3.37,0.32,69.2,135,920,1561,1,90,278,24,1137,6,28,23.1,29,42
622,Matthis Abline,FW,fr FRA,22.0,Nantes,fr Ligue 1,2768,30.8,9,1,7.700000000000001,8.5,2,3.8,73,26,0.10999999999999999,0.31,35.6,15.0,27,1.98,0.29,65.2,75,587,878,5,142,169,65,689,64,6,45.7,11,15
623,Mattia Felici,"MF,FW",it ITA,24.0,Cagliari,it Serie A,925,10.3,0,0,0.6,0.6,3,1.0,10,6,0.0,0.0,60.0,12.8,10,3.02,0.39,67.9,39,259,422,2,37,75,10,280,7,7,41.2,17,24
624,Mattia Zaccagni,FW,it ITA,29.0,Lazio,it Serie A,2686,29.8,8,2,4.9,6.4,6,4.6,46,14,0.13,0.43,30.4,17.3,55,3.59,0.3,75.8,91,911,1458,4,100,264,40,1084,19,16,47.5,38,67
627,Maximilian Beier,"FW,MF",de GER,22.0,Dortmund,de Bundesliga,1591,17.7,8,0,7.7,7.7,5,3.3,42,13,0.19,0.62,31.0,12.599999999999998,24,3.11,0.4,70.5,24,338,618,6,88,124,26,423,23,19,53.5,25,32
633,Merlin Röhl,"MF,FW",de GER,22.0,Freiburg,de Bundesliga,965,10.7,0,0,0.8,0.8,1,1.7,12,3,0.0,0.0,25.0,18.2,9,2.33,0.28,76.0,20,217,403,2,28,60,22,256,14,2,29.2,16,22
638,Michael Olise,"FW,MF",fr FRA,23.0,Bayern Munich,de Bundesliga,2334,25.9,12,0,9.7,9.7,15,11.999999999999998,86,36,0.14,0.33,41.9,17.6,90,6.51,0.96,81.4,119,1305,1957,5,148,381,29,1556,11,21,47.8,36,44
641,Miguel,FW,es ESP,25.0,Leganés,es La Liga,1724,19.2,1,1,3.3,4.9,3,1.4,33,14,0.0,0.0,42.4,15.5,7,1.46,0.31,58.6,14,258,472,6,60,90,26,327,29,10,23.2,16,20
643,Mika Biereth,FW,dk DEN,22.0,Monaco,fr Ligue 1,1228,13.6,13,1,9.7,11.3,2,4.5,40,22,0.3,0.55,55.0,11.6,22,2.7800000000000002,0.29,61.8,14,212,382,2,98,110,16,286,18,4,38.3,5,9
644,Mikel Merino,"MF,FW",es ESP,28.0,Arsenal,eng Premier League,1586,17.6,7,0,5.9,5.9,2,2.0,38,13,0.18,0.54,34.2,10.7,17,2.44,0.23000000000000004,78.2,11,388,783,13,79,94,27,504,59,16,51.8,46,61
645,Mikel Oyarzabal,FW,es ESP,28.0,Real Sociedad,es La Liga,2250,25.0,9,4,6.8,9.9,3,2.4,39,13,0.13,0.38,33.3,13.4,15,1.52,0.2,73.5,31,393,729,6,107,133,30,532,32,13,30.5,25,29
647,Mikkel Damsgaard,"MF,FW",dk DEN,24.0,Brentford,eng Premier League,2911,32.3,2,0,2.8,2.8,10,8.4,35,7,0.060000000000000005,0.29,20.0,17.6,63,3.71,0.65,72.4,73,1075,1882,27,76,137,47,1239,12,50,30.8,83,110
649,Milan Đurić,FW,ba BIH,35.0,"Monza, Parma",it Serie A,1538,17.1,5,0,2.443859649122807,2.443859649122807,1,0.9070175438596492,28,11,0.17535714285714285,0.45454545454545453,39.30357142857143,11.89642857142857,5,0.7070175438596491,0.11736842105263158,47.51168831168832,2,190,462,0,48,36,16,372,167,5,71.96220930232558,1,3
652,Mitchel Bakker,"FW,DF",nl NED,24.0,Lille,fr Ligue 1,1139,12.7,3,0,2.9999999999999996,2.9999999999999996,2,2.7,23,10,0.13,0.3,43.5,18.9,23,3.13,0.31,77.8,43,439,758,6,32,120,11,547,3,9,23.100000000000005,23,35
653,Mohamed Ali Cho,"FW,MF",fr FRA,21.0,Nice,fr Ligue 1,1621,18.0,3,0,4.0,4.0,4,4.0,36,15,0.08,0.2,41.7,17.7,30,3.28,0.61,70.3,81,460,720,4,74,133,26,545,13,8,32.5,13,18
654,Mohamed Amoura,FW,dz ALG,25.0,Wolfsburg,de Bundesliga,2467,27.4,10,2,7.2,8.7,9,4.0,73,25,0.10999999999999999,0.32,34.2,16.8,35,2.92,0.47,70.3,81,628,1106,10,127,244,18,733,19,23,29.699999999999996,29,38
658,Mohamed Salah,FW,eg EGY,32.0,Liverpool,eng Premier League,3371,37.5,29,9,18.2,25.2,18,14.2,121,50,0.17,0.4,41.3,14.5,88,4.51,0.72,70.6,154,1149,1695,9,356,488,67,1407,9,9,39.1,21,30
659,Mohammed Kudus,"FW,MF",gh GHA,24.0,West Ham,eng Premier League,2589,28.8,5,0,6.9,6.9,3,3.1,75,21,0.07,0.24,28.0,16.0,31,3.72,0.35,83.6,98,842,1274,11,127,216,93,989,11,17,21.6,38,42
661,Moise Kean,FW,it ITA,25.0,Fiorentina,it Serie A,2704,30.0,19,1,17.8,19.4,3,1.9,103,49,0.17,0.37,47.6,15.0,19,1.9,0.23,69.9,42,454,700,4,132,143,53,541,51,1,51.5,7,13
662,Morgan Guilavogui,"FW,MF",gn GUI,27.0,St. Pauli,de Bundesliga,1807,20.1,6,0,7.1,7.1,2,1.8999999999999997,41,15,0.15,0.4,36.6,13.600000000000001,27,2.59,0.2,65.9,42,384,832,5,103,135,24,565,66,17,46.8,32,45
663,Morgan Rogers,"FW,MF",eng ENG,22.0,Aston Villa,eng Premier League,3114,34.6,8,0,6.6,6.6,10,7.8,55,20,0.15,0.4,36.4,15.9,51,3.04,0.46,73.2,114,794,1362,13,142,188,74,956,13,23,20.0,43,49
664,Moritz Broschinski,"FW,MF",de GER,24.0,Bochum,de Bundesliga,1390,15.4,1,0,4.2,4.2,3,1.8,38,11,0.03,0.09,28.900000000000002,17.1,13,2.33,0.26,63.39999999999999,37,322,552,7,68,130,33,385,31,9,42.5,19,20
666,Morten Thorsby,"MF,FW",no NOR,29.0,Genoa,it Serie A,1898,21.1,0,0,2.8,2.8,1,2.1,15,6,0.0,0.0,40.0,12.2,27,2.61,0.09,66.6,24,295,753,10,66,76,28,470,107,12,51.9,49,54
667,Moses Simon,"FW,MF",ng NGA,29.0,Nantes,fr Ligue 1,2609,29.0,8,4,2.7,5.8,10,6.7,40,13,0.1,0.31,32.5,19.6,56,3.73,0.52,62.0,147,731,1131,9,129,222,55,778,10,15,20.8,20,32
668,Mostafa Mohamed,FW,eg EGY,27.0,Nantes,fr Ligue 1,1252,13.9,5,0,5.5,5.5,0,0.4,43,16,0.12000000000000001,0.31,37.2,13.700000000000001,6,1.2199999999999998,0.14,64.8,11,239,452,4,76,50,22,285,57,8,53.8,18,28
670,Musa Al-Taamari,"FW,MF",jo JOR,27.0,"Montpellier, Rennes",fr Ligue 1,1683,18.7,3,0,2.532620320855615,2.532620320855615,1,1.432620320855615,41,14,0.07,0.21214285714285713,34.109756097560975,16.573170731707318,22,3.0490909090909093,0.31914438502673803,78.67130177514794,76,430,676,7,96,115,27,489,10,11,36.91428571428572,18,23
672,Myron Boadu,FW,nl NED,24.0,Bochum,de Bundesliga,1042,11.6,9,1,6.9,7.699999999999999,1,1.1,27,13,0.3,0.62,48.1,11.7,11,2.59,0.26,71.3,12,179,287,2,46,70,15,209,19,4,48.7,2,3
678,Nathan Tella,"MF,FW",ng NGA,25.0,Leverkusen,de Bundesliga,1359,15.1,2,0,3.1,3.1,4,1.5,28,10,0.07,0.2,35.7,15.5,18,2.12,0.46,74.6,38,308,529,5,67,130,16,389,11,8,30.599999999999998,16,20
679,Neal Maupay,FW,fr FRA,28.0,Marseille,fr Ligue 1,1042,11.6,4,0,4.1,4.1,4,2.2,19,10,0.21,0.4,52.6,10.6,13,1.9,0.43,84.2,12,201,386,2,48,81,20,300,8,3,36.4,9,11
682,Nick Woltemade,"FW,MF",de GER,23.0,Stuttgart,de Bundesliga,1622,18.0,12,2,8.0,10.2,2,4.6,46,23,0.21999999999999997,0.43000000000000005,50.0,12.3,37,4.38,0.55,70.6,31,470,788,4,159,141,50,623,47,4,43.1,10,11
684,Nico Williams,FW,es ESP,22.0,Athletic Club,es La Liga,1996,22.2,5,0,4.2,4.2,5,3.5000000000000004,55,19,0.09,0.26,34.5,17.5,40,5.14,0.59,70.6,117,697,1065,7,113,254,45,767,11,21,39.3,28,35
687,Nicolas Jackson,FW,sn SEN,23.0,Chelsea,eng Premier League,2220,24.7,10,0,12.3,12.3,5,4.3,76,34,0.13,0.29,44.7,12.9,28,2.8,0.41,75.9,47,417,687,9,141,129,41,514,21,5,36.8,22,25
689,Nicolas Pépé,"FW,MF",ci CIV,29.0,Villarreal,es La Liga,1500,16.7,3,0,3.8,3.8,6,4.8,38,17,0.08,0.18,44.7,16.0,33,3.9,0.42,79.1,77,519,842,4,89,160,20,623,16,11,47.1,22,27
690,Nicolas Viola,"FW,MF",it ITA,35.0,Cagliari,it Serie A,1267,14.1,3,0,2.2,2.2,1,1.9,31,9,0.1,0.33,29.0,20.4,28,4.19,0.28,63.1,21,326,595,1,34,70,21,389,21,9,46.7,14,17
691,Nicolás Domínguez,"MF,FW",ar ARG,26.0,Nott'ham Forest,eng Premier League,1963,21.8,0,0,1.5,1.5,1,1.3,21,9,0.0,0.0,42.9,18.9,13,1.74,0.0,86.7,16,471,1218,11,33,33,12,676,27,40,54.0,86,115
692,Nicolás González,"FW,MF",ar ARG,27.0,Juventus,it Serie A,1750,19.4,3,0,4.1,4.1,2,1.1,45,21,0.07,0.14,46.7,15.7,19,2.42,0.21000000000000002,76.0,35,458,883,5,65,123,15,611,59,16,55.7,24,33
693,Nicolás Paz,"MF,FW",ar ARG,20.0,Como,it Serie A,2687,29.9,6,0,8.5,9.3,8,5.999999999999999,109,37,0.06,0.16,33.9,20.699999999999996,54,4.82,0.54,80.6,77,1093,1683,7,85,171,45,1265,31,27,57.4,51,72
697,Nikola Krstović,FW,me MNE,25.0,Lecce,it Serie A,3057,34.0,11,2,9.7,12.1,5,2.9,134,38,0.07,0.24,28.4,18.8,30,2.56,0.21,66.4,42,571,1051,7,152,149,40,786,91,9,41.6,18,25
698,Nikola Vlašić,"MF,FW",hr CRO,27.0,Torino,it Serie A,2117,23.5,5,2,1.8000000000000003,3.3999999999999995,4,2.4,30,10,0.1,0.3,33.3,22.2,32,2.98,0.34,79.8,53,607,983,9,59,110,42,713,27,18,48.2,37,46
702,Noah Weißhaupt,FW,de GER,23.0,"St. Pauli, Freiburg",de Bundesliga,1240,13.8,1,0,1.9630434782608697,1.9630434782608697,0,1.682608695652174,19,4,0.056842105263157895,,21.03157894736842,15.489473684210527,18,3.3408695652173908,0.07478260869565218,63.51531690140845,50,355,568,3,48,104,11,407,15,6,,6,8
703,Noni Madueke,FW,eng ENG,23.0,Chelsea,eng Premier League,2033,22.6,7,0,9.6,9.6,3,4.2,80,30,0.09,0.23,37.5,14.4,32,3.5,0.35,77.4,154,641,980,5,184,226,25,756,11,24,36.7,25,35
706,Oladapo Afolayan,"FW,MF",eng ENG,27.0,St. Pauli,de Bundesliga,1639,18.2,3,0,3.1,3.1,1,3.8,38,13,0.08,0.23,34.2,20.4,21,2.86,0.33,69.4,53,495,741,5,62,108,45,555,19,12,29.7,17,25
707,Oliver Burke,FW,sct SCO,28.0,Werder Bremen,de Bundesliga,908,10.1,5,0,4.1,4.1,0,1.7,35,12,0.14,0.42,34.3,13.4,14,3.27,0.2,59.9,22,246,440,5,79,88,13,329,40,2,65.6,11,13
708,Oliver McBurnie,FW,sct SCO,28.0,Las Palmas,es La Liga,1837,20.4,3,0,4.8,4.8,6,2.8,32,12,0.09,0.25,37.5,12.3,24,2.06,0.29,65.9,7,269,605,2,93,75,21,426,87,7,48.3,15,21
710,Ollie Watkins,FW,eng ENG,29.0,Aston Villa,eng Premier League,2598,28.9,16,2,13.8,15.3,8,3.3,82,36,0.17,0.39,43.9,12.1,24,1.84,0.41999999999999993,72.4,55,409,695,4,168,165,50,552,52,8,42.3,10,18
711,Omar Marmoush,FW,eg EGY,26.0,"Manchester City, Eint Frankfurt","eng Premier League, de Bundesliga",2623,29.200000000000003,22,2,6.492465753424656,7.3195205479452055,9,4.674657534246575,124,51,0.1581451612903226,0.39,41.11129032258064,18.29758064516129,49,4.462157534246575,0.7895890410958903,73.83200000000001,102,762,1175,11,177,203,56,844,12,12,32.21666666666667,25,33
713,Omari Hutchinson,"MF,FW",eng ENG,21.0,Ipswich Town,eng Premier League,2583,28.7,3,0,2.9,2.9,2,3.5,45,18,0.07,0.17,40.0,19.6,31,2.82,0.21,78.0,97,779,1259,8,92,159,58,893,6,35,18.8,32,43
714,Orri Steinn Óskarsson,FW,is ISL,20.0,Real Sociedad,es La Liga,944,10.5,3,0,5.2,5.2,0,0.2,19,7,0.16,0.43,36.8,13.1,5,0.95,0.0,52.8,6,122,285,3,37,50,11,207,31,6,36.0,6,8
715,Osame Sahraoui,"FW,MF",ma MAR,23.0,Lille,fr Ligue 1,1293,14.4,3,0,2.9,2.9,3,3.6,23,8,0.13,0.38,34.8,15.6,29,4.66,0.42,83.9,69,535,804,5,67,159,23,631,0,5,0.0,13,20
718,Oumar Diakité,FW,ci CIV,21.0,Reims,fr Ligue 1,1628,18.1,4,0,4.7,5.5,1,1.1,26,9,0.15,0.44,34.6,12.099999999999998,11,2.16,0.22,82.2,24,319,580,5,57,93,38,397,25,10,29.8,20,23
719,Ousmane Dembélé,FW,fr FRA,28.0,Paris S-G,fr Ligue 1,1730,19.2,21,1,15.8,16.6,6,8.2,96,49,0.21,0.41,51.0,16.0,63,5.72,0.78,79.0,127,878,1323,4,161,252,32,1127,4,8,40.0,11,20
720,Pablo Durán,"FW,MF",es ESP,24.0,Celta Vigo,es La Liga,1394,15.5,4,0,3.6,3.6,4,2.8,26,9,0.15,0.44,34.6,14.8,17,1.94,0.26,71.0,24,338,584,6,64,124,20,401,13,11,28.899999999999995,17,25
721,Pablo Fornals,"MF,FW",es ESP,29.0,Betis,es La Liga,1827,20.3,2,0,1.7999999999999998,1.7999999999999998,0,3.3,23,4,0.09,0.5,17.4,21.7,36,4.33,0.44,80.0,32,777,1272,3,36,85,16,911,18,20,46.2,21,44
727,Patrick Cutrone,FW,it ITA,27.0,Como,it Serie A,2047,22.7,7,0,6.3,7.1,4,2.1,69,26,0.1,0.27,37.7,15.900000000000002,19,2.15,0.26,70.3,53,445,692,6,119,155,26,508,23,7,25.8,16,21
728,Patrick Dorgu,"DF,FW",dk DEN,20.0,Lecce,it Serie A,1840,20.4,3,0,3.3,3.3,1,1.5,36,10,0.08,0.3,27.8,19.0,19,2.84,0.34,77.5,68,557,1011,5,50,117,37,658,31,22,59.6,45,63
729,Patrick Wimmer,"MF,FW",at AUT,23.0,Wolfsburg,de Bundesliga,1770,19.7,3,0,3.7,3.7,4,2.9,41,10,0.07,0.3,24.4,17.7,24,3.6099999999999994,0.61,65.7,46,504,920,7,63,75,27,532,36,31,42.4,47,79
730,Patrik Schick,FW,cz CZE,29.0,Leverkusen,de Bundesliga,1684,18.7,21,1,11.9,12.7,0,0.6,68,32,0.29,0.63,47.1,11.8,11,1.82,0.16,78.0,7,312,578,2,108,107,30,452,45,4,45.0,6,10
734,Paul Onuachu,FW,ng NGA,30.0,Southampton,eng Premier League,1050,11.7,4,0,3.6,3.6,1,0.5,34,15,0.12,0.2700000000000001,44.1,10.4,8,0.7700000000000001,0.09,60.8,7,214,440,1,67,40,36,358,93,4,61.2,7,8
735,Paul Wanner,"MF,FW",de GER,19.0,Heidenheim,de Bundesliga,1771,19.7,3,1,2.9,3.7,2,1.3,24,5,0.08,0.4,20.8,18.2,20,2.59,0.36,73.1,28,496,935,3,41,65,37,575,12,17,40.0,40,44
736,Paulo Dybala,"FW,MF",ar ARG,31.0,Roma,it Serie A,1417,15.7,6,3,4.0,6.4,3,5.0,47,15,0.06,0.2,31.9,21.1,40,5.34,0.51,81.8,41,595,909,5,75,122,28,709,8,11,32.0,17,19
737,Pedro,"FW,MF",es ESP,37.0,Lazio,it Serie A,1102,12.2,10,2,3.7999999999999994,5.3,1,1.6,37,16,0.22000000000000003,0.5,43.2,19.1,22,4.09,0.25,79.8,48,435,722,5,61,89,21,546,1,11,14.300000000000002,19,22
738,Pedro Neto,FW,pt POR,25.0,Chelsea,eng Premier League,2269,25.2,4,0,3.5,3.5,6,6.7,59,17,0.07,0.24,28.8,18.2,46,3.57,0.36,78.4,126,746,1153,5,116,253,30,838,11,12,26.8,23,32
741,Pep Chavarría,"DF,FW",es ESP,27.0,Rayo Vallecano,es La Liga,2585,28.7,0,0,1.2,1.2,1,1.9,11,3,0.0,0.0,27.3,20.1,24,2.12,0.07000000000000002,79.7,59,887,1884,2,31,133,6,1053,23,17,43.4,46,76
742,Peque,"MF,FW",es ESP,22.0,Sevilla,es La Liga,1134,12.6,1,0,2.5,2.5,1,1.2,19,4,0.05,0.25,21.1,15.700000000000001,12,2.54,0.24000000000000002,79.9,14,266,485,2,35,44,26,346,8,10,23.5,16,24
745,Phil Foden,"MF,FW",eng ENG,24.0,Manchester City,eng Premier League,1777,19.7,7,0,5.2,5.2,2,4.8,54,16,0.13,0.44,29.6,18.6,43,4.46,0.45999999999999996,84.1,50,722,1139,4,83,128,31,894,3,11,25.0,13,22
746,Phil Harres,FW,de GER,23.0,Holstein Kiel,de Bundesliga,1544,17.2,8,0,5.9,5.9,1,1.3,37,17,0.22000000000000003,0.47,45.9,12.7,10,1.28,0.29,56.6,12,240,481,3,61,71,24,318,54,4,45.4,10,15
747,Philipp Hofmann,FW,de GER,32.0,Bochum,de Bundesliga,2277,25.3,3,0,5.5,5.5,3,3.3,54,19,0.06,0.16,35.2,14.0,26,2.17,0.12,63.5,8,486,938,7,100,112,32,731,164,7,56.6,17,21
748,Phillip Tietz,FW,de GER,27.0,Augsburg,de Bundesliga,1686,18.7,7,1,5.3,6.1,2,1.2,51,19,0.12,0.32,37.3,16.3,22,2.56,0.27,62.39999999999999,8,347,677,2,89,113,17,502,78,3,47.9,11,16
750,Pontus Almqvist,"FW,MF",se SWE,25.0,Parma,it Serie A,1112,12.4,1,0,2.1,2.1,1,1.3,26,9,0.04,0.11,34.6,17.4,10,2.1,0.16,72.4,42,298,462,3,53,85,13,320,9,9,37.5,17,36
754,Rafael Leão,FW,pt POR,25.0,Milan,it Serie A,2323,25.8,8,0,7.599999999999999,7.599999999999999,8,8.4,66,29,0.12,0.28,43.9,16.6,58,4.38,0.62,74.2,123,780,1135,4,152,262,36,940,26,18,56.5,16,22
757,Ramón Terrats,"MF,FW",es ESP,24.0,"Villarreal, Getafe",es La Liga,1350,15.0,4,0,1.99,1.99,1,2.2800000000000002,21,8,0.19,,38.09047619047619,21.561904761904763,17,2.397,0.13499999999999998,67.66677796327211,9,320,599,5,25,40,14,366,17,22,52.93846153846154,23,33
758,Randal Kolo Muani,FW,fr FRA,26.0,"Juventus, Paris S-G","it Serie A, fr Ligue 1",1518,16.9,10,2,3.9,4.700000000000001,2,1.434319526627219,40,19,0.20125,0.4231578947368422,47.5,12.675,22,2.3692899408284025,0.3530769230769231,70.75161290322582,29,291,496,5,102,135,33,373,19,3,51.0,15,19
759,Randy Nteka,FW,ao ANG,27.0,Rayo Vallecano,es La Liga,1129,12.5,3,0,2.6,2.6,0,0.5,16,8,0.19,0.38,50.0,13.6,9,1.67,0.0,64.6,10,159,366,4,40,44,17,241,41,7,44.6,16,20
760,Raphinha,"FW,MF",br BRA,28.0,Barcelona,es La Liga,2839,31.5,18,2,17.6,19.2,9,12.7,112,40,0.14,0.4,35.7,19.1,91,5.17,0.7,71.1,94,1016,1863,11,183,349,29,1316,9,20,60.0,36,47
762,Rasmus Højlund,FW,dk DEN,22.0,Manchester Utd,eng Premier League,2004,22.3,4,0,5.3,5.3,0,1.8,32,13,0.13,0.31,40.6,12.9,16,1.53,0.04,74.7,28,308,515,1,74,101,33,408,31,5,24.8,3,5
763,Rayan Cherki,"FW,MF",fr FRA,21.0,Lyon,fr Ligue 1,2041,22.7,8,0,5.0,5.0,11,11.1,45,19,0.18,0.42,42.2,16.8,75,6.440000000000001,0.88,78.5,106,1021,1573,4,132,184,43,1234,4,22,33.3,15,22
766,Raúl Jiménez,FW,mx MEX,34.0,Fulham,eng Premier League,2494,27.7,12,3,9.6,12.0,3,3.3,93,30,0.1,0.3,32.3,14.5,24,2.3800000000000003,0.25,71.2,35,549,999,9,165,125,45,734,91,14,47.9,35,45
767,Raúl Moro,"MF,FW",es ESP,22.0,Valladolid,es La Liga,2341,26.0,4,0,4.1,4.1,5,5.700000000000001,46,16,0.09,0.25,34.8,17.8,44,3.61,0.35,64.9,112,607,1050,3,108,190,11,713,8,19,33.3,22,32
773,Riccardo Orsolini,FW,it ITA,28.0,Bologna,it Serie A,1878,20.9,15,3,7.8,10.1,4,3.7,72,25,0.17,0.48,34.7,17.5,30,2.83,0.23999999999999996,65.8,61,589,916,4,88,186,25,675,23,6,54.8,16,24
774,Riccardo Sottil,"FW,MF",it ITA,25.0,"Fiorentina, Milan",it Serie A,956,10.700000000000001,1,0,0.808411214953271,0.808411214953271,1,0.8214953271028037,24,6,0.04583333333333334,,25.025000000000002,18.933333333333334,15,3.756448598130841,0.37373831775700933,71.10143198090692,82,319,419,1,47,114,9,330,5,1,42.333333333333336,6,10
776,Ridle Baku,"FW,MF",de GER,27.0,Wolfsburg,de Bundesliga,1170,13.0,2,0,1.5,1.5,1,1.3000000000000003,18,6,0.11,0.33,33.3,19.9,13,2.38,0.31,74.1,16,352,646,5,34,78,10,391,5,11,23.8,23,38
777,Ritsu Doan,"FW,MF",jp JPN,26.0,Freiburg,de Bundesliga,2862,31.8,10,0,6.6,6.6,7,3.7,61,21,0.16,0.48,34.4,16.7,27,3.49,0.5,71.8,64,827,1537,7,108,178,62,1031,16,21,30.800000000000004,66,80
778,Robert Lewandowski,FW,pl POL,36.0,Barcelona,es La Liga,2667,29.6,27,3,23.9,27.1,2,2.3,111,45,0.22000000000000003,0.53,40.5,13.199999999999998,19,1.69,0.1,73.4,26,471,841,4,179,164,45,667,36,6,48.0,10,13
779,Roberto Férnandez,FW,es ESP,22.0,Espanyol,es La Liga,1497,16.6,6,0,3.6,3.6,0,0.6,21,9,0.29,0.67,42.9,14.0,8,1.68,0.18,72.2,7,227,436,1,37,50,16,292,34,5,38.6,4,7
780,Roberto Navarro,"MF,FW",es ESP,23.0,Mallorca,es La Liga,1278,14.2,1,0,2.0,2.0,0,1.9,18,6,0.060000000000000005,0.17,33.3,16.2,13,3.1,0.14,75.5,45,425,683,4,42,85,34,441,5,10,35.7,29,48
781,Roberto Piccoli,FW,it ITA,24.0,Cagliari,it Serie A,3127,34.7,10,1,12.0,12.7,1,0.9,97,28,0.09000000000000001,0.32,28.9,13.1,13,1.64,0.23,66.3,30,511,919,5,144,165,46,666,110,9,42.8,13,16
782,Robin Hack,"FW,MF",de GER,26.0,Gladbach,de Bundesliga,2172,24.1,4,0,5.4,5.4,7,3.6,59,24,0.07,0.17,40.7,19.9,32,3.1100000000000003,0.45999999999999996,76.2,51,684,1186,3,84,141,44,809,19,16,41.3,22,31
786,Rodrigo Muniz,FW,br BRA,24.0,Fulham,eng Premier League,964,10.7,8,0,5.8,5.8,1,0.7,39,19,0.21,0.42,48.7,12.0,7,1.5899999999999999,0.19,64.8,6,157,311,2,55,31,24,237,67,0,51.5,10,15
787,Rodrygo,"FW,MF",br BRA,24.0,Real Madrid,es La Liga,1928,21.4,6,0,3.9,4.0,5,2.9999999999999996,54,20,0.11,0.3,37.0,16.4,49,4.95,0.42,85.9,113,889,1340,2,127,253,15,1068,7,16,30.4,21,32
789,Romain Del Castillo,FW,fr FRA,29.0,Brest,fr Ligue 1,1259,14.0,6,3,1.5,4.7,4,3.4,17,8,0.18,0.38,47.1,19.7,37,4.79,0.64,69.8,29,438,840,9,41,106,17,565,8,13,40.0,31,37
791,Romelu Lukaku,FW,be BEL,32.0,Napoli,it Serie A,2843,31.6,14,3,9.8,13.0,10,4.0,60,20,0.18,0.55,33.3,14.3,35,2.4,0.51,71.0,31,380,725,2,143,219,53,589,42,3,42.9,4,5
793,Ruben Vargas,"FW,MF",ch SUI,26.0,"Sevilla, Augsburg","es La Liga, de Bundesliga",976,10.9,2,0,1.5944954128440365,1.5944954128440365,1,0.7688073394495412,26,6,0.07846153846153846,0.3333333333333333,23.065384615384612,14.803846153846154,19,4.422018348623853,0.27522935779816515,72.65933456561923,38,295,541,1,42,87,13,368,10,8,48.36666666666666,9,14
794,Rubén García,"FW,MF",es ESP,31.0,Osasuna,es La Liga,2413,26.8,5,0,3.2,3.2,5,3.6,27,10,0.19,0.5,37.0,16.1,49,3.88,0.45,74.3,37,779,1467,11,64,157,21,969,28,34,43.1,52,67
799,Rémy Cabella,"FW,MF",fr FRA,35.0,Lille,fr Ligue 1,1011,11.2,1,0,4.0,4.0,2,2.3,30,7,0.029999999999999995,0.14,23.3,14.7,26,5.33,0.53,82.4,45,546,900,10,51,130,10,667,3,14,27.3,39,47
801,Sammie Szmodics,"FW,MF",ie IRL,29.0,Ipswich Town,eng Premier League,992,11.0,4,0,3.4,3.4,0,0.2,21,12,0.19,0.33,57.10000000000001,14.0,5,0.91,0.0,74.1,16,179,318,2,33,47,17,193,6,19,35.3,16,22
804,Samuel Chukwueze,"FW,MF",ng NGA,26.0,Milan,it Serie A,925,10.3,3,0,2.7,2.7,2,3.0,32,8,0.09,0.38,25.0,19.5,27,4.77,0.19,75.8,48,369,556,4,54,116,11,406,6,14,37.5,17,19
806,Samuel Essende,FW,cd COD,27.0,Augsburg,de Bundesliga,1636,18.2,7,0,4.2,4.2,2,1.3,44,13,0.16,0.54,29.5,13.9,11,1.48,0.16,64.8,33,347,564,3,93,118,37,433,57,1,43.8,7,7
810,Sandro Ramírez,"FW,MF",es ESP,29.0,Las Palmas,es La Liga,2034,22.6,9,1,3.3,4.1,3,3.4,51,20,0.16,0.4,39.2,24.3,28,2.61,0.27,64.2,52,469,930,4,64,121,28,575,12,17,42.9,27,43
811,Santiago Castro,FW,ar ARG,20.0,Bologna,it Serie A,2294,25.5,8,0,6.9,7.7,4,2.9,62,20,0.13,0.4,32.3,15.8,28,2.71,0.43,76.8,17,428,722,5,101,136,64,519,37,11,35.2,18,21
813,Santiago Pierotti,FW,ar ARG,24.0,Lecce,it Serie A,1937,21.5,4,0,3.1,3.1,2,2.4,32,7,0.13,0.57,21.9,15.1,25,2.32,0.09,71.3,43,353,730,6,81,85,33,406,49,28,44.5,46,60
817,Sebastian Nanasi,"MF,FW",se SWE,23.0,Strasbourg,fr Ligue 1,2107,23.4,6,0,6.5,6.5,4,4.9,28,12,0.21,0.5,42.9,12.4,37,3.63,0.7299999999999999,79.2,53,557,992,2,73,127,15,690,3,14,21.4,20,27
818,Sebastiano Esposito,"FW,MF",it ITA,22.0,Empoli,it Serie A,2331,25.9,8,1,4.2,5.7,0,2.1,59,19,0.12,0.37,32.2,19.8,36,3.05,0.23,60.2,31,565,1081,11,95,106,50,712,26,17,31.7,57,69
820,Serge Gnabry,"FW,MF",de GER,29.0,Bayern Munich,de Bundesliga,1242,13.8,7,0,6.8,7.5,5,5.1,48,17,0.15,0.41,35.4,15.699999999999998,24,4.06,0.94,83.4,44,468,758,7,96,149,7,581,4,4,28.6,20,26
822,Sergi Darder,"MF,FW",es ESP,31.0,Mallorca,es La Liga,2744,30.5,2,0,2.1,2.1,6,3.7,36,9,0.060000000000000005,0.22,25.0,24.2,54,3.15,0.23,75.3,37,911,1558,9,29,83,30,1030,13,29,56.5,40,56
824,Sergio Camello,FW,es ESP,24.0,Rayo Vallecano,es La Liga,1134,12.6,3,0,4.1,4.1,2,2.0,32,9,0.09,0.33,28.1,16.3,19,3.02,0.4,78.7,20,222,398,2,46,68,23,308,11,2,29.699999999999996,9,13
826,Serhou Guirassy,FW,gn GUI,29.0,Dortmund,de Bundesliga,2598,28.9,21,3,19.6,22.7,4,3.9,86,33,0.21,0.55,38.4,12.1,25,1.84,0.35,72.7,25,528,965,3,160,128,30,747,109,3,52.9,7,11
827,Shavy Babicka,"MF,FW",ga GAB,24.0,Toulouse,fr Ligue 1,1186,13.2,4,0,3.9,3.9,2,1.6,20,9,0.2,0.44,45.0,14.6,13,2.2,0.38,67.1,36,273,428,4,53,122,18,300,7,11,29.200000000000003,21,24
828,Sheraldo Becker,"FW,MF",sr SUR,30.0,Real Sociedad,es La Liga,995,11.1,2,0,2.0,2.0,1,2.0,22,13,0.09,0.15,59.1,19.1,8,1.9000000000000001,0.09,63.9,51,242,384,0,36,110,4,300,7,2,30.399999999999995,3,4
830,Shuto Machino,"FW,MF",jp JPN,25.0,Holstein Kiel,de Bundesliga,1953,21.7,11,2,4.9,6.499999999999999,2,3.0,49,21,0.18,0.43,42.9,17.2,27,3.41,0.4099999999999999,64.2,30,449,899,1,63,108,20,581,27,10,39.1,8,15
833,Simon Adingra,"FW,MF",ci CIV,23.0,Brighton,eng Premier League,1097,12.2,2,0,2.5,2.5,2,2.5,33,8,0.06,0.25,24.2,17.0,16,3.8600000000000003,0.57,75.9,50,366,548,5,76,136,12,388,7,16,63.6,23,31
837,Sofiane Diop,"MF,FW",fr FRA,24.0,Nice,fr Ligue 1,1064,11.8,6,0,6.000000000000001,6.000000000000001,4,2.9,22,11,0.27,0.55,50.0,16.4,24,3.9800000000000004,0.7599999999999999,77.2,26,399,714,4,35,70,18,508,3,13,27.3,23,40
839,Son Heung-min,FW,kr KOR,32.0,Tottenham,eng Premier League,2110,23.4,7,1,5.6,7.2,9,8.2,55,24,0.11,0.25,43.6,17.0,50,4.99,0.64,78.9,96,761,1134,6,122,265,32,867,6,22,33.3,17,22
840,Sorba Thomas,"FW,MF",wls WAL,25.0,Nantes,fr Ligue 1,1321,14.7,1,0,1.4999999999999998,1.4999999999999998,3,3.7,9,1,0.11,1.0,11.1,17.0,36,3.68,0.41,65.5,41,372,674,2,20,93,25,427,7,8,29.2,14,23
843,Stephy Mavididi,FW,eng ENG,26.0,Leicester City,eng Premier League,1615,17.9,4,0,1.8,1.8,1,2.6,26,7,0.15,0.57,26.9,16.1,22,2.78,0.39,75.0,91,583,863,8,61,138,35,623,9,28,37.5,34,45
846,Steven Skrzybski,"MF,FW",de GER,32.0,Holstein Kiel,de Bundesliga,1323,14.7,6,1,2.7,3.5,3,2.9,32,12,0.16,0.42,37.5,20.2,22,3.47,0.34,70.0,17,313,619,6,45,71,22,398,6,17,24.0,19,30
849,Sávio,"FW,MF",br BRA,21.0,Manchester City,eng Premier League,1766,19.6,1,0,5.0,5.0,8,6.9,55,21,0.02,0.05,38.2,17.6,46,5.66,0.76,80.8,137,783,1095,8,154,246,38,852,1,9,33.3,23,29
855,Takefusa Kubo,"MF,FW",jp JPN,23.0,Real Sociedad,es La Liga,2372,26.4,5,0,3.6,3.6,0,4.5,43,14,0.12000000000000001,0.36,32.6,16.1,45,4.33,0.3,72.1,133,878,1341,9,118,218,48,988,11,24,36.7,31,48
856,Takuma Asano,"FW,MF",jp JPN,30.0,Mallorca,es La Liga,1054,11.7,2,0,2.7,2.7,1,0.7,28,8,0.07,0.25,28.6,13.6,6,1.88,0.17,67.6,28,207,356,1,53,76,12,226,5,5,16.1,13,19
857,Takumi Minamino,"MF,FW",jp JPN,30.0,Monaco,fr Ligue 1,2231,24.8,6,0,8.9,8.9,3,6.6,57,20,0.11000000000000001,0.3,35.1,14.7,40,3.23,0.28,70.7,51,567,1016,12,135,193,23,709,19,27,38.8,33,43
858,Tammy Abraham,FW,eng ENG,27.0,"Roma, Milan",it Serie A,1184,13.1,3,1,5.400000000000001,7.1,4,2.2,26,11,,,,,14,2.5099999999999993,0.6800000000000002,68.41725067385444,8,161,371,5,58,71,13,245,37,3,54.59000000000001,17,19
859,Tanguy Coulibaly,"FW,MF",fr FRA,24.0,Montpellier,fr Ligue 1,1485,16.5,3,0,3.5,3.5,0,1.3,30,13,0.1,0.23,43.3,15.4,18,2.9,0.19,78.5,48,328,583,4,65,97,31,370,19,19,45.2,32,43
861,Tete Morente,"FW,MF",es ESP,28.0,Lecce,it Serie A,2021,22.5,3,0,2.9,2.9,2,1.6,41,13,0.07,0.23,31.700000000000003,20.8,25,2.72,0.18,74.8,48,560,983,6,40,144,15,643,37,26,61.7,27,41
862,Teun Koopmeiners,"MF,FW",nl NED,27.0,Juventus,it Serie A,1994,22.2,3,0,3.9,3.9,3,2.9,42,10,0.07,0.3,23.8,18.2,38,2.84,0.14,79.9,32,591,1170,7,50,127,16,790,22,20,50.0,32,40
863,Theo Bair,FW,ca CAN,25.0,Auxerre,fr Ligue 1,939,10.4,2,0,3.0,3.0,1,1.2,26,13,0.08,0.15,50.0,13.2,10,1.6299999999999997,0.19,62.0,15,143,306,1,50,42,7,218,55,2,54.5,4,7
865,Thiago Almada,"MF,FW",ar ARG,24.0,Lyon,fr Ligue 1,951,10.6,1,0,2.0,2.0,4,2.6,23,5,0.04,0.2,21.7,20.5,22,4.92,1.04,84.9,38,568,831,2,31,50,9,652,1,14,33.3,14,21
866,Thierno Barry,FW,fr FRA,22.0,Villarreal,es La Liga,2323,25.8,11,1,11.700000000000001,12.5,4,2.8999999999999995,71,24,0.14,0.42,33.8,12.0,23,1.78,0.23,62.0,44,347,624,4,126,124,27,485,99,6,67.3,11,11
867,Thijs Dallinga,FW,nl NED,24.0,Bologna,it Serie A,1154,12.8,3,0,4.3,4.3,2,0.6,31,11,0.1,0.27,35.5,11.6,12,2.11,0.39000000000000007,71.7,9,243,439,6,65,84,22,343,41,0,53.20000000000001,10,11
869,Thomas Müller,"MF,FW",de GER,35.0,Bayern Munich,de Bundesliga,1225,13.6,1,0,3.8000000000000003,3.8000000000000003,4,2.9,30,11,0.029999999999999995,0.09,36.7,15.9,35,5.36,0.66,75.0,24,386,763,3,103,143,20,619,19,12,39.6,8,10
870,Tiago Tomás,"FW,MF",pt POR,22.0,Wolfsburg,de Bundesliga,1884,20.9,6,0,5.4,5.4,1,2.6,42,20,0.14,0.3,47.6,16.0,20,2.63,0.38,69.3,31,503,782,7,78,125,35,556,9,20,23.1,33,42
873,Tim Kleindienst,FW,de GER,29.0,Gladbach,de Bundesliga,2737,30.4,16,1,11.9,13.600000000000001,7,6.2,73,36,0.21,0.42,49.3,12.9,29,2.24,0.46,60.89999999999999,45,545,1149,9,137,145,42,797,149,25,54.8,30,42
874,Tim Skarke,"FW,MF",de GER,28.0,Union Berlin,de Bundesliga,1164,12.9,0,0,2.1,2.1,2,1.2,20,9,0.0,0.0,45.0,18.5,16,2.63,0.31,70.0,26,293,487,1,31,96,21,336,10,9,20.0,14,19
876,Timothy Weah,"DF,FW",us USA,25.0,Juventus,it Serie A,1638,18.2,5,0,3.4,3.4,2,1.6,21,9,0.24,0.56,42.9,20.3,19,1.9800000000000002,0.16,83.7,45,565,977,8,35,120,15,652,19,11,44.2,36,50
878,Tom Bischof,"MF,FW",de GER,19.0,Hoffenheim,de Bundesliga,2559,28.4,5,0,2.2,2.2,2,3.6,51,18,0.1,0.28,35.3,23.1,50,4.12,0.25,78.7,47,962,1951,14,46,102,38,1146,14,37,42.4,95,125
882,Tomáš Suslov,"MF,FW",sk SVK,22.0,Hellas Verona,it Serie A,2080,23.1,0,0,1.5999999999999999,1.5999999999999999,1,1.9,32,7,0.0,0.0,21.9,21.6,27,3.1999999999999997,0.17,73.2,39,462,811,7,28,77,34,466,5,49,16.7,54,72
884,Toni Martínez,FW,es ESP,27.0,Alavés,es La Liga,1012,11.2,4,0,3.6,3.6,0,0.6,46,15,0.09,0.2700000000000001,32.6,17.1,11,2.4,0.09000000000000001,58.3,13,162,401,3,70,57,11,272,79,4,53.7,12,13
885,Tyler Dibling,"FW,MF",eng ENG,19.0,Southampton,eng Premier League,1874,20.8,2,0,2.5,2.5,0,1.5,28,9,0.07,0.22,32.1,19.3,20,2.69,0.19,81.3,69,558,868,3,41,96,55,651,10,10,28.6,34,42
887,Umar Sadiq,FW,ng NGA,28.0,"Valencia, Real Sociedad",es La Liga,1052,11.7,5,0,2.7162393162393164,2.7162393162393164,0,0.5931623931623932,25,7,0.2,,28.0,14.3,7,1.5438461538461536,0.25948717948717953,67.8518134715026,14,224,386,2,57,67,30,295,32,3,52.0,12,14
889,Unai Gómez,"MF,FW",es ESP,22.0,Athletic Club,es La Liga,1284,14.3,1,0,1.9000000000000001,1.9000000000000001,3,0.8,19,4,0.05,0.25,21.1,17.5,10,1.61,0.21,73.1,19,235,439,2,21,49,21,271,29,3,48.3,12,14
891,Valentin Mihaila,"FW,MF",ro ROU,25.0,Parma,it Serie A,1288,14.3,0,0,2.4,2.4,3,1.2,31,11,0.0,0.0,35.5,22.1,17,3.36,0.35,75.4,25,332,582,8,31,72,20,389,13,13,32.5,29,37
892,Valentino Lazaro,"DF,FW",at AUT,29.0,Torino,it Serie A,2307,25.6,0,0,1.0,1.0,6,3.3,16,2,0.0,0.0,12.5,19.5,33,2.03,0.31,75.1,35,726,1368,4,27,131,12,868,16,15,39.0,26,37
894,Valentín Castellanos,FW,ar ARG,26.0,Lazio,it Serie A,2384,26.5,10,2,11.1,13.300000000000002,3,3.6,105,36,0.08,0.22,34.3,16.8,26,2.7600000000000002,0.53,67.7,27,423,835,7,155,149,29,618,68,9,53.1,13,19
898,Vedat Muriqi,FW,xk KVX,31.0,Mallorca,es La Liga,2058,22.9,7,2,7.3,9.7,2,2.2,52,16,0.1,0.31,30.800000000000004,12.3,26,1.9700000000000002,0.26,60.6,23,334,733,2,114,103,26,550,135,4,57.9,7,14
899,Victor Boniface,FW,ng NGA,24.0,Leverkusen,de Bundesliga,1008,11.2,8,0,7.1000000000000005,7.800000000000001,1,1.1,50,17,0.16,0.47,34.0,14.5,10,2.86,0.27,70.2,26,207,400,2,77,61,29,319,32,1,59.3,5,5
901,Viktor Tsyhankov,"FW,MF",ua UKR,27.0,Girona,es La Liga,1913,21.3,2,0,2.8,2.8,5,3.9000000000000004,35,9,0.060000000000000005,0.22,25.7,19.9,33,3.0599999999999996,0.38000000000000006,74.2,62,650,1064,8,74,195,25,770,9,10,33.3,19,34
902,Vincenzo Grifo,"FW,MF",it ITA,32.0,Freiburg,de Bundesliga,2432,27.0,8,0,5.6,7.9,11,6.9,63,26,0.13,0.31,41.3,20.8,66,4.48,0.56,76.7,58,939,1768,5,71,147,17,1186,15,19,48.4,30,39
903,Vinicius Júnior,FW,br BRA,24.0,Real Madrid,es La Liga,2253,25.0,11,2,8.2,10.4,8,8.0,78,24,0.12,0.38000000000000006,30.8,17.5,58,5.39,0.72,74.7,169,952,1264,10,199,256,49,1059,1,13,12.5,21,24
904,Vitinha,"FW,MF",pt POR,25.0,Genoa,it Serie A,1328,14.8,2,0,1.6,1.6,3,3.2999999999999994,33,5,0.06,0.4,15.2,20.3,16,2.78,0.2,59.3,38,309,572,5,54,71,34,348,31,19,52.5,23,35
905,Vitor Roque,FW,br BRA,20.0,Betis,es La Liga,1235,13.7,4,0,6.1,6.1,0,1.2,41,18,0.10000000000000002,0.22,43.9,14.5,12,2.48,0.29,72.8,24,213,365,4,57,57,35,239,15,4,34.1,11,18
907,Wahbi Khazri,"FW,MF",tn TUN,34.0,Montpellier,fr Ligue 1,1118,12.4,1,0,2.3,2.3,1,2.2,36,6,0.030000000000000002,0.17,16.7,24.7,18,3.27,0.17,68.0,24,259,486,4,34,53,25,306,8,13,27.6,25,30
909,Wes Burns,"FW,DF",wls WAL,30.0,Ipswich Town,eng Premier League,926,10.3,0,0,0.5,0.5,1,1.5999999999999999,7,1,0.0,0.0,14.3,18.3,10,1.55,0.09999999999999999,60.5,38,216,350,3,18,65,13,220,8,6,27.6,13,23
910,Wesley Saïd,FW,fr FRA,30.0,Lens,fr Ligue 1,905,10.1,3,0,3.2,3.2,0,1.0,17,7,0.18,0.43,41.2,11.2,9,2.69,0.0,77.8,16,185,325,3,41,53,9,239,10,7,38.5,16,18
916,Williot Swedberg,"FW,MF",se SWE,21.0,Celta Vigo,es La Liga,1348,15.0,4,0,5.2,5.2,5,2.6,32,15,0.13,0.2700000000000001,46.9,14.7,16,2.4,0.53,73.3,34,351,562,4,72,116,16,412,8,7,34.8,23,26
922,Yanis Zouaoui,"DF,FW",dz ALG,30.0,Le Havre,fr Ligue 1,976,10.8,0,0,0.1,0.1,2,2.9,5,2,0.0,0.0,40.0,28.6,28,3.69,0.28,68.6,33,319,725,2,8,33,4,364,7,4,63.6,20,28
923,Yankuba Minteh,"FW,MF",gm GAM,20.0,Brighton,eng Premier League,1838,20.4,6,0,4.1,4.1,4,5.0,34,16,0.18,0.38,47.1,13.8,29,3.14,0.64,62.5,90,481,836,10,146,201,28,511,17,28,33.3,48,59
924,Yann Gboho,"MF,FW",fr FRA,24.0,Toulouse,fr Ligue 1,2333,25.9,5,0,5.400000000000001,5.400000000000001,4,3.5,50,26,0.1,0.19,52.0,15.8,30,3.36,0.27,74.2,116,690,953,9,124,189,50,709,5,21,15.599999999999998,31,37
925,Yann Karamoh,"MF,FW",fr FRA,26.0,Torino,it Serie A,1046,11.6,0,0,1.2,1.2,1,0.9,25,6,0.0,0.0,24.0,17.7,9,2.06,0.17,67.0,37,292,412,2,49,80,26,328,5,5,35.7,5,8
926,Yaser Asprilla,"FW,MF",co COL,21.0,Girona,es La Liga,1405,15.6,3,0,2.1,2.1,1,2.8000000000000003,38,11,0.08,0.27,28.900000000000002,22.9,24,3.91,0.44999999999999996,72.1,72,534,831,8,48,140,17,607,4,15,57.1,22,29
927,Yassine Kechta,"MF,FW",ma MAR,23.0,Le Havre,fr Ligue 1,2096,23.3,2,0,2.5,2.5,0,1.2,29,9,0.07,0.22,31.0,25.7,15,2.06,0.17,79.2,44,533,1014,7,27,85,24,627,10,45,27.0,60,86
929,Yeremi Pino,"MF,FW",es ESP,22.0,Villarreal,es La Liga,1934,21.5,4,0,3.9,3.9,7,5.3,29,8,0.14,0.5,27.6,12.8,37,3.12,0.51,73.9,42,565,986,8,104,213,23,668,12,33,42.9,60,68
930,Yoane Wissa,FW,cd COD,28.0,Brentford,eng Premier League,2919,32.4,19,0,18.5,18.5,4,2.6,90,41,0.21,0.45999999999999996,45.6,13.2,27,2.13,0.31,76.5,60,550,925,8,163,154,35,658,30,16,45.5,22,30
937,Yunus Musah,"MF,FW",us USA,22.0,Milan,it Serie A,1571,17.5,0,0,1.9,1.9,2,1.8,22,5,0.0,0.0,22.7,19.5,23,2.58,0.23,87.2,51,581,888,5,37,74,13,671,8,5,36.4,27,34
941,Zakaria Aboukhlal,"MF,FW",ma MAR,25.0,Toulouse,fr Ligue 1,1901,21.1,7,1,8.6,10.2,2,1.6,62,26,0.1,0.23,41.9,14.6,12,1.61,0.33,63.300000000000004,34,375,613,7,113,164,26,450,22,19,36.7,22,28
943,Zito Luvumbo,"FW,MF",ao ANG,23.0,Cagliari,it Serie A,1606,17.8,2,0,2.1,2.1,2,3.1,23,4,0.09,0.5,17.4,16.0,17,1.9599999999999997,0.22,59.9,70,347,477,3,67,125,29,367,6,13,26.1,10,14
944,Zuriko Davitashvili,"FW,MF",ge GEO,24.0,Saint-Étienne,fr Ligue 1,2778,30.9,9,2,6.6,8.1,8,4.7,68,24,0.1,0.29,35.3,19.4,50,3.85,0.5,78.6,95,764,1298,6,123,224,57,905,14,34,23.0,22,36
945,Álex Berenguer,"FW,MF",es ESP,29.0,Athletic Club,es La Liga,2339,26.0,6,0,6.0,6.799999999999999,7,5.0,51,18,0.12,0.33,35.3,18.4,46,3.77,0.54,65.8,65,643,1249,9,86,216,49,809,27,18,35.1,31,41
946,Álvaro García,"FW,MF",es ESP,32.0,Rayo Vallecano,es La Liga,2559,28.4,4,0,7.6,7.6,5,5.0,71,26,0.06,0.15,36.6,16.9,50,3.66,0.25,64.6,68,644,1164,6,127,245,16,746,9,19,33.3,33,65
947,Álvaro Morata,"FW,MF",es ESP,32.0,Milan,it Serie A,1099,12.2,5,0,3.9,3.9,0,0.8,27,10,0.19,0.5,37.0,11.3,7,1.72,0.25,75.4,18,215,383,3,61,63,16,292,14,3,41.2,16,21
952,Óscar Rodríguez Arnaiz,"MF,FW",es ESP,26.0,Leganés,es La Liga,1330,14.8,1,0,2.1,2.1,4,2.2,33,6,0.03,0.17,18.2,25.1,19,3.25,0.61,72.1,24,381,749,6,21,66,14,491,12,18,33.3,32,52
